app,est,h,beta,se,lo,hi
RR,FE,0,-0.2931046768681076,0.0793489030787217,-0.4486285269024023,-0.137580826833813
RR,FE,1,-0.3917005195060017,0.1268676314249497,-0.6403610770989032,-0.1430399619131003
RR,FE,2,-0.4388801178963323,0.1434784415355073,-0.7200978633059265,-0.157662372486738
RR,FE,3,-0.5678001080375374,0.1694719054968321,-0.8999650428113284,-0.2356351732637464
RR,FE,4,-0.6202325896986568,0.2155341258933916,-1.0426794764497045,-0.1977857029476091
RR,FE,5,-0.6249765464191924,0.2229672551665348,-1.0619923665456006,-0.1879607262927841
RR,FE,6,-0.6777130713875498,0.2259761202832123,-1.120626267142646,-0.2347998756324537
RR,FE,7,-0.7760240034999673,0.2379348652376805,-1.242376339365821,-0.3096716676341134
RR,FE,8,-0.7083039608907751,0.2577407737610825,-1.2134758774624967,-0.2031320443190533
RR,FE,9,-0.6010579395118231,0.2751883167581696,-1.1404270403578356,-0.0616888386658106
RR,FE,10,-0.5591572374877487,0.286082219162433,-1.1198783870461173,0.0015639120706198
RR,SPJ,0,-0.309751680486323,0.0843545666258849,-0.4750866310730575,-0.1444167298995884
RR,SPJ,1,-0.420092630604014,0.1369924416498572,-0.6885978162377342,-0.1515874449702939
RR,SPJ,2,-0.4698446861260315,0.167304461524887,-0.79776143071481,-0.1419279415372529
RR,SPJ,3,-0.647331068655231,0.2126970040216679,-1.0642171965377,-0.2304449407727619
RR,SPJ,4,-0.7379552969994188,0.2632914798698083,-1.254006597544243,-0.2219039964545945
RR,SPJ,5,-0.7434702978207262,0.2800128765260699,-1.292295535811823,-0.1946450598296291
RR,SPJ,6,-0.7903455864338156,0.2908092855387827,-1.3603317860898296,-0.2203593867778014
RR,SPJ,7,-0.8977932733781449,0.297685875031196,-1.4812575884392891,-0.3143289583170007
RR,SPJ,8,-0.8636896509437959,0.322999608620398,-1.496768883839776,-0.2306104180478158
RR,SPJ,9,-0.721648644102594,0.3469921704640618,-1.4017532982121552,-0.0415439899930327
RR,SPJ,10,-0.7154322689345111,0.3598456051913201,-1.4207296551094983,-0.0101348827595236
RR,HPJ,0,-0.4293429126669227,0.079348903078726,-0.5848667627012256,-0.2738190626326197
RR,HPJ,1,-0.567450603110443,0.1268676314249479,-0.8161111607033409,-0.3187900455175452
RR,HPJ,2,-0.2477372671840892,0.1434784415355025,-0.5289550125936742,0.0334804782254958
RR,HPJ,3,-0.072891799535207,0.1694719054968277,-0.4050567343089893,0.2592731352385753
RR,HPJ,4,0.0764764334848012,0.2155341258933885,-0.3459704532662402,0.4989233202358427
RR,HPJ,5,0.2390472179929846,0.2229672551665308,-0.1979686021334157,0.676063038119385
RR,HPJ,6,0.4403465053852046,0.2259761202832093,-0.0025666903698857,0.883259701140295
RR,HPJ,7,0.5533385332809713,0.2379348652376787,0.086986197415121,1.0196908691468214
RR,HPJ,8,0.8722510977718115,0.2577407737610814,0.3670791812000918,1.377423014343531
RR,HPJ,9,0.8361157410086085,0.2751883167581727,0.2967466401625901,1.375484841854627
RR,HPJ,10,1.0937457508682435,0.2860822191624334,0.5330246013098741,1.654466900426613
RR,DB,0,-0.2931046768681076,0.0793489030787217,-0.4486285269024023,-0.137580826833813
RR,DB,1,-0.3917005195060017,0.1268676314249497,-0.6403610770989032,-0.1430399619131003
RR,DB,2,-0.4388801178963323,0.1434784415355073,-0.7200978633059265,-0.157662372486738
RR,DB,3,-0.5678001080375374,0.1694719054968321,-0.8999650428113284,-0.2356351732637464
RR,DB,4,-0.6202325896986568,0.2155341258933916,-1.0426794764497045,-0.1977857029476091
RR,DB,5,-0.6249765464191924,0.2229672551665348,-1.0619923665456006,-0.1879607262927841
RR,DB,6,-0.6777130713875498,0.2259761202832123,-1.120626267142646,-0.2347998756324537
RR,DB,7,-0.7760240034999673,0.2379348652376805,-1.242376339365821,-0.3096716676341134
RR,DB,8,-0.7083039608907751,0.2577407737610825,-1.2134758774624967,-0.2031320443190533
RR,DB,9,-0.6010579395118231,0.2751883167581696,-1.1404270403578356,-0.0616888386658106
RR,DB,10,-0.5591572374877487,0.286082219162433,-1.1198783870461173,0.0015639120706198
RR,CDOLS,0,-0.0,0.0,-0.0,0.0
RR,CDOLS,1,-0.0209146168573721,0.0411228017811673,-0.1015153083484601,0.0596860746337157
RR,CDOLS,2,0.0378078425883567,0.0862400987812073,-0.1312227510228097,0.2068384361995232
RR,CDOLS,3,0.1340507151155824,0.1281031477868791,-0.1170314545467006,0.3851328847778654
RR,CDOLS,4,0.2512344657075772,0.1659236371979585,-0.0739758632004214,0.576444794615576
RR,CDOLS,5,0.3668757353079262,0.2002116173508483,-0.0255390346997365,0.759290505315589
RR,CDOLS,6,0.4792101383113265,0.2305863993644153,0.0272607955570723,0.9311594810655806
RR,CDOLS,7,0.5884565445023959,0.2592440892990267,0.0803381294763035,1.0965749595284882
RR,CDOLS,8,0.7395804893968464,0.2876548812867775,0.1757769220747624,1.3033840567189303
RR,CDOLS,9,0.9026889501847544,0.311305971392785,0.2925292462548959,1.5128486541146131
RR,CDOLS,10,1.085667108078835,0.323047427063462,0.4524941510344494,1.7188400651232203
RR_UNEMP,FE,0,0.0641772119543969,0.0155601413231583,0.0336793349610066,0.0946750889477872
RR_UNEMP,FE,1,0.1543912262539816,0.0288881944963848,0.0977703650410673,0.211012087466896
RR_UNEMP,FE,2,0.2037156347852295,0.0364927601719996,0.1321898248481103,0.2752414447223488
RR_UNEMP,FE,3,0.2471458598306555,0.0479859539499894,0.1530933900886761,0.3411983295726349
RR_UNEMP,FE,4,0.2927342755451017,0.0663480249297815,0.1626921466827299,0.4227764044074735
RR_UNEMP,FE,5,0.2988404669178492,0.078543251113838,0.1448956947347267,0.4527852391009717
RR_UNEMP,FE,6,0.3011301539690277,0.0767066284584947,0.150785162190378,0.4514751457476773
RR_UNEMP,FE,7,0.3039962828175608,0.069055657789542,0.1686471935500585,0.4393453720850631
RR_UNEMP,FE,8,0.2788693704444592,0.0704589308212275,0.1407698660348531,0.4169688748540653
RR_UNEMP,FE,9,0.2488517020361942,0.0709349385378324,0.1098192225020426,0.3878841815703459
RR_UNEMP,FE,10,0.1921184620880666,0.0657662659962843,0.0632165807353494,0.3210203434407839
RR_UNEMP,SPJ,0,0.0566135980635724,0.0188792420063697,0.0196102837310878,0.0936169123960571
RR_UNEMP,SPJ,1,0.1535530772354119,0.0376324706355696,0.0797934347896954,0.2273127196811283
RR_UNEMP,SPJ,2,0.2136777572446603,0.0515264301990315,0.1126859540545585,0.3146695604347621
RR_UNEMP,SPJ,3,0.2650046407083799,0.0731142652613178,0.1217006807961969,0.4083086006205628
RR_UNEMP,SPJ,4,0.3315320154690286,0.0979931512971475,0.1394654389266194,0.5235985920114379
RR_UNEMP,SPJ,5,0.3529157557921679,0.114718300410226,0.1280678869881248,0.577763624596211
RR_UNEMP,SPJ,6,0.361472693502342,0.1117568308351779,0.1424293050653932,0.5805160819392909
RR_UNEMP,SPJ,7,0.3759866388928763,0.0975443599826385,0.1847996933269048,0.5671735844588478
RR_UNEMP,SPJ,8,0.3487977509806074,0.0816708387451198,0.1887229070401725,0.5088725949210423
RR_UNEMP,SPJ,9,0.3224989287151089,0.0734872045300612,0.1784640078361888,0.466533849594029
RR_UNEMP,SPJ,10,0.2371558777286213,0.0613608938169688,0.1168885258473625,0.3574232296098802
RR_UNEMP,HPJ,0,0.0789938229837734,0.0155601413231583,0.0484959459903831,0.1094916999771637
RR_UNEMP,HPJ,1,0.1840913858729743,0.0288881944963848,0.12747052466006,0.2407122470858885
RR_UNEMP,HPJ,2,0.2537551801272941,0.0364927601719996,0.1822293701901748,0.3252809900644133
RR_UNEMP,HPJ,3,0.2635405705403603,0.0479859539499894,0.169488100798381,0.3575930402823395
RR_UNEMP,HPJ,4,0.3059011355352218,0.0663480249297816,0.1758590066728498,0.4359432643975938
RR_UNEMP,HPJ,5,0.2078739101516308,0.078543251113838,0.0539291379685082,0.3618186823347535
RR_UNEMP,HPJ,6,0.0909750577092827,0.0767066284584946,-0.0593699340693667,0.2413200494879322
RR_UNEMP,HPJ,7,0.0917907759438498,0.069055657789542,-0.0435583133236526,0.2271398652113522
RR_UNEMP,HPJ,8,0.029477971975571,0.0704589308212275,-0.108621532434035,0.1675774763851771
RR_UNEMP,HPJ,9,0.0307886917272111,0.0709349385378324,-0.1082437878069405,0.1698211712613628
RR_UNEMP,HPJ,10,-0.0707329105907118,0.0657662659962842,-0.1996347919434288,0.0581689707620052
RR_UNEMP,DB,0,0.0641772119543969,0.0155601413231583,0.0336793349610066,0.0946750889477872
RR_UNEMP,DB,1,0.1543912262539816,0.0288881944963848,0.0977703650410673,0.211012087466896
RR_UNEMP,DB,2,0.2037156347852295,0.0364927601719996,0.1321898248481103,0.2752414447223488
RR_UNEMP,DB,3,0.2471458598306555,0.0479859539499894,0.1530933900886761,0.3411983295726349
RR_UNEMP,DB,4,0.2927342755451017,0.0663480249297815,0.1626921466827299,0.4227764044074735
RR_UNEMP,DB,5,0.2988404669178492,0.078543251113838,0.1448956947347267,0.4527852391009717
RR_UNEMP,DB,6,0.3011301539690277,0.0767066284584947,0.150785162190378,0.4514751457476773
RR_UNEMP,DB,7,0.3039962828175608,0.069055657789542,0.1686471935500585,0.4393453720850631
RR_UNEMP,DB,8,0.2788693704444592,0.0704589308212275,0.1407698660348531,0.4169688748540653
RR_UNEMP,DB,9,0.2488517020361942,0.0709349385378324,0.1098192225020426,0.3878841815703459
RR_UNEMP,DB,10,0.1921184620880666,0.0657662659962843,0.0632165807353494,0.3210203434407839
RR_UNEMP,CDOLS,0,-0.0,0.0,-0.0,0.0
RR_UNEMP,CDOLS,1,0.1007018441199327,0.0227712210327713,0.056070250895701,0.1453334373441645
RR_UNEMP,CDOLS,2,0.1591146790113049,0.0416634527800658,0.0774543115623759,0.240775046460234
RR_UNEMP,CDOLS,3,0.1852347904174213,0.0571439621108259,0.0732326246802025,0.2972369561546402
RR_UNEMP,CDOLS,4,0.1898347028504595,0.0698165104256832,0.0529943424161204,0.3266750632847988
RR_UNEMP,CDOLS,5,0.1828931696364638,0.0799068635047021,0.0262757171672476,0.3395106221056799
RR_UNEMP,CDOLS,6,0.1724301361375479,0.0873632371696996,0.0011981912849366,0.3436620809901594
RR_UNEMP,CDOLS,7,0.1855933935544211,0.103239548575853,-0.0167561216542509,0.3879429087630931
RR_UNEMP,CDOLS,8,0.1854427489359364,0.1146194166923566,-0.0392113077810825,0.4100968056529555
RR_UNEMP,CDOLS,9,0.1694482628291546,0.1177137378209998,-0.0612706633000051,0.4001671889583145
RR_UNEMP,CDOLS,10,0.1379297548843006,0.1113929528652556,-0.0804004327316004,0.3562599425002016
BVX,FE,1,-2.6458995478818146,0.5399251346114019,-3.7041528117201614,-1.5876462840434669
BVX,FE,2,-2.8876725588402423,0.8555788719477785,-4.564607147857888,-1.2107379698225966
BVX,FE,3,-3.379288257739824,1.0013803087921784,-5.341993662972493,-1.4165828525071538
BVX,FE,4,-3.421739514046299,1.1454499462997831,-5.666821408793874,-1.176657619298724
BVX,FE,5,-2.737894516226933,1.347485464467856,-5.378966026583932,-0.0968230058699357
BVX,FE,6,-2.123194641517174,1.5571827269328855,-5.17527278630563,0.9288835032712824
BVX,SPJ,1,-2.8506264125924403,0.58221935995242,-3.991776358099184,-1.709476467085697
BVX,SPJ,2,-3.3338840587445238,0.937146851337064,-5.170691887365169,-1.497076230123878
BVX,SPJ,3,-3.858172653590327,1.1321387042141946,-6.077164513850148,-1.6391807933305054
BVX,SPJ,4,-4.213259334339428,1.3783216914583958,-6.914769849597883,-1.5117488190809725
BVX,SPJ,5,-3.756247731690536,1.5797961290721234,-6.852648144671898,-0.6598473187091733
BVX,SPJ,6,-2.987041100508189,1.800071773356401,-6.515181776286735,0.5410995752703567
BVX,HPJ,1,-3.1842384186800747,0.5399251346114091,-4.242491682518437,-2.125985154841713
BVX,HPJ,2,-4.611481800553894,0.8555788719477883,-6.288416389571559,-2.9345472115362288
BVX,HPJ,3,-5.796667005508327,1.0013803087921722,-7.759372410740984,-3.8339616002756687
BVX,HPJ,4,-5.671628710858902,1.1454499462997945,-7.916710605606498,-3.4265468161113044
BVX,HPJ,5,-5.139171190901195,1.3474854644678562,-7.780242701258192,-2.4980996805441964
BVX,HPJ,6,-3.5360137668351515,1.5571827269329102,-6.588091911623655,-0.4839356220466477
BVX,DB,1,-2.6458995478818146,0.5399251346114019,-3.7041528117201614,-1.5876462840434669
BVX,DB,2,-2.8876725588402423,0.8555788719477785,-4.564607147857888,-1.2107379698225966
BVX,DB,3,-3.379288257739824,1.0013803087921784,-5.341993662972493,-1.4165828525071538
BVX,DB,4,-3.421739514046299,1.1454499462997831,-5.666821408793874,-1.176657619298724
BVX,DB,5,-2.737894516226933,1.347485464467856,-5.378966026583932,-0.0968230058699357
BVX,DB,6,-2.123194641517174,1.5571827269328855,-5.17527278630563,0.9288835032712824
BVX,CDOLS,1,-0.2201461937008264,0.4171397285530169,-1.0377400616647394,0.5974476742630866
BVX,CDOLS,2,2.2782164326183523,0.4522863121430278,1.3917352608180176,3.164697604418687
BVX,CDOLS,3,1.6209910093214706,0.2837227769962777,1.0648943664087662,2.177087652234175
BVX,CDOLS,4,2.2209378646806908,0.3650576460998671,1.505424878324951,2.9364508510364304
BVX,CDOLS,5,2.6650348676609963,0.3054607296220591,2.0663318376017603,3.2637378977202323
BVX,CDOLS,6,2.6144157906039456,0.2693258786521673,2.086537068445698,3.1422945127621933
MSV,FE,1,0.2103706962060566,0.0818769976257089,0.049891780859667,0.3708496115524462
MSV,FE,2,0.2581637244742891,0.1239877307955755,0.0151477721149609,0.5011796768336172
MSV,FE,3,0.2186805958084556,0.1645182662262514,-0.1037752059949972,0.5411363976119086
MSV,FE,4,0.0204980906477888,0.1919123860401866,-0.3556501859909768,0.3966463672865546
MSV,FE,5,-0.1565287155689119,0.1924890408481331,-0.5338072356312529,0.2207498044934289
MSV,FE,6,-0.3103160185156729,0.1930873350825069,-0.6887671952773864,0.0681351582460405
MSV,FE,7,-0.3870785517214023,0.1843462803799829,-0.7483972612661689,-0.0257598421766357
MSV,FE,8,-0.3331623793945377,0.1689899125487127,-0.6643826079900147,-0.0019421507990606
MSV,FE,9,-0.207835256906095,0.1606001587748209,-0.5226115681047441,0.106941054292554
MSV,FE,10,-0.2839037996378669,0.1791311429175634,-0.6350008397562914,0.0671932404805574
MSV,SPJ,1,0.2027477226345936,0.0913857199487801,0.0236317115349845,0.3818637337342028
MSV,SPJ,2,0.2540440842504384,0.1370450645568307,-0.0145642422809497,0.5226524107818267
MSV,SPJ,3,0.2052582817238708,0.1791782656894325,-0.145931119027417,0.5564476824751586
MSV,SPJ,4,0.013651018813231,0.2077605368259498,-0.3935596333656306,0.4208616709920926
MSV,SPJ,5,-0.1916409473076988,0.2039000722333254,-0.5912850888850165,0.2080031942696189
MSV,SPJ,6,-0.4094384351189383,0.2199892628197553,-0.8406173902456588,0.0217405200077822
MSV,SPJ,7,-0.5576984938495485,0.2202084546907512,-0.9893070650434208,-0.1260899226556761
MSV,SPJ,8,-0.4900431777682181,0.2196807705173782,-0.9206174879822792,-0.0594688675541568
MSV,SPJ,9,-0.4278278286031152,0.2324198029485221,-0.8833706423822186,0.0277149851759881
MSV,SPJ,10,-0.5553020153087391,0.263770072780301,-1.0722913579581292,-0.0383126726593491
MSV,HPJ,1,0.4019187583239054,0.0818769976257053,0.241439842977523,0.5623976736702878
MSV,HPJ,2,0.5800014294942762,0.1239877307955748,0.3369854771349495,0.823017381853603
MSV,HPJ,3,0.69018960198167,0.1645182662262531,0.3677338001782138,1.0126454037851262
MSV,HPJ,4,0.6232284277433953,0.1919123860401906,0.2470801511046217,0.9993767043821687
MSV,HPJ,5,0.0628007180479822,0.1924890408481332,-0.3144778020143588,0.4400792381103233
MSV,HPJ,6,-0.2913190814936047,0.1930873350825045,-0.6697702582553137,0.0871320952681041
MSV,HPJ,7,-0.4388360395972033,0.1843462803799904,-0.8001547491419845,-0.077517330052422
MSV,HPJ,8,-0.642673674203617,0.1689899125487189,-0.973893902799106,-0.3114534456081278
MSV,HPJ,9,-0.4496733334592102,0.1606001587748348,-0.7644496446578865,-0.134897022260534
MSV,HPJ,10,-0.4906206849458221,0.1791311429175698,-0.8417177250642589,-0.1395236448273852
MSV,DB,1,0.2103706962060566,0.0818769976257089,0.049891780859667,0.3708496115524462
MSV,DB,2,0.2581637244742891,0.1239877307955755,0.0151477721149609,0.5011796768336172
MSV,DB,3,0.2186805958084556,0.1645182662262514,-0.1037752059949972,0.5411363976119086
MSV,DB,4,0.0204980906477888,0.1919123860401866,-0.3556501859909768,0.3966463672865546
MSV,DB,5,-0.1565287155689119,0.1924890408481331,-0.5338072356312529,0.2207498044934289
MSV,DB,6,-0.3103160185156729,0.1930873350825069,-0.6887671952773864,0.0681351582460405
MSV,DB,7,-0.3870785517214023,0.1843462803799829,-0.7483972612661689,-0.0257598421766357
MSV,DB,8,-0.3331623793945377,0.1689899125487127,-0.6643826079900147,-0.0019421507990606
MSV,DB,9,-0.207835256906095,0.1606001587748209,-0.5226115681047441,0.106941054292554
MSV,DB,10,-0.2839037996378669,0.1791311429175634,-0.6350008397562914,0.0671932404805574
MSV,CDOLS,1,,,,
MSV,CDOLS,2,-0.0137758781596998,0.0095219400451561,-0.0324388806482059,0.0048871243288061
MSV,CDOLS,3,-0.0165053189017616,0.0098649652485944,-0.0358406507890068,0.0028300129854835
MSV,CDOLS,4,-0.0167688253348374,0.0101140459099677,-0.0365923553183741,0.0030547046486992
MSV,CDOLS,5,-0.0156509822741816,0.0100625180546906,-0.0353735176613752,0.0040715531130119
MSV,CDOLS,6,-0.0142078767920615,0.0103180455707636,-0.0344312461107582,0.0060154925266352
MSV,CDOLS,7,-0.0125222577026969,0.010411096933993,-0.0329280076933233,0.0078834922879295
MSV,CDOLS,8,-0.0100977731146801,0.0104544803551475,-0.0305885546107693,0.0103930083814091
MSV,CDOLS,9,-0.0098205622932958,0.0109677028918703,-0.0313172599613616,0.0116761353747699
MSV,CDOLS,10,-0.0078666796560056,0.0111876581304078,-0.029794489591605,0.0140611302795937
CS,FE,1,-2.588948357954141,0.3237405390557462,-3.223479814503404,-1.9544169014048784
CS,FE,2,-3.384914897632219,0.4514282775013108,-4.269714321534789,-2.50011547372965
CS,FE,3,-4.202263361829012,0.5459640304602525,-5.272352861531108,-3.1321738621269173
CS,FE,4,-4.543467566477674,0.6369429566526589,-5.791875761516886,-3.295059371438463
CS,FE,5,-4.580893048093387,0.6948737267473214,-5.942845552518136,-3.2189405436686367
CS,FE,6,-5.134319349997094,0.7250261246760578,-6.555370554362167,-3.713268145632021
CS,FE,7,-4.719690285100985,0.7343659040707784,-6.159047457079711,-3.28033311312226
CS,FE,8,-4.612537247785937,0.7549816168510941,-6.092301216814081,-3.132773278757793
CS,FE,9,-4.311073966829269,0.780844344530484,-5.841528882109017,-2.78061905154952
CS,FE,10,-4.506567303988432,0.8403503754723969,-6.15365403991433,-2.8594805680625344
CS,SPJ,1,-2.61928996488869,0.3383821077485899,-3.2825188960759264,-1.9560610337014537
CS,SPJ,2,-3.488355877102608,0.4744991446581908,-4.418374200632662,-2.558337553572554
CS,SPJ,3,-4.787605110262037,0.6060176027773542,-5.975399611705651,-3.599810608818423
CS,SPJ,4,-5.484683090185934,0.7137422489574745,-6.883617898142584,-4.085748282229284
CS,SPJ,5,-6.088340285463952,0.7783824947833047,-7.613969975239229,-4.562710595688674
CS,SPJ,6,-7.092022173064607,0.8255423555902704,-8.710085190021537,-5.473959156107677
CS,SPJ,7,-7.396198412680886,0.8340563579668498,-9.030948874295913,-5.76144795106586
CS,SPJ,8,-7.747235860424666,0.8763329259763061,-9.464848395338226,-6.029623325511107
CS,SPJ,9,-7.613270727242443,0.9402119300067384,-9.45608611005565,-5.770455344429236
CS,SPJ,10,-7.892619587950866,1.033856165045722,-9.91897767144048,-5.866261504461251
CS,HPJ,1,-3.736633886054324,0.3237405390557463,-4.371165342603586,-3.1021024295050608
CS,HPJ,2,-3.422536004364437,0.451428277501311,-4.307335428267006,-2.5377365804618672
CS,HPJ,3,-4.094361245305205,0.5459640304602524,-5.164450745007299,-3.02427174560311
CS,HPJ,4,-5.923358284232143,0.6369429566526591,-7.171766479271355,-4.674950089192931
CS,HPJ,5,-4.968398735889782,0.6948737267473213,-6.330351240314531,-3.606446231465032
CS,HPJ,6,-4.353257704330071,0.7250261246760576,-5.774308908695144,-2.932206499964998
CS,HPJ,7,-4.45852379179338,0.7343659040707785,-5.8978809637721055,-3.019166619814654
CS,HPJ,8,-3.876824812815686,0.7549816168510941,-5.35658878184383,-2.397060843787542
CS,HPJ,9,-4.773899483999532,0.780844344530484,-6.304354399279281,-3.2434445687197835
CS,HPJ,10,-5.519437036565847,0.840350375472397,-7.166523772491745,-3.872350300639949
CS,DB,1,-2.588948357954141,0.3237405390557462,-3.223479814503404,-1.9544169014048784
CS,DB,2,-3.384914897632219,0.4514282775013108,-4.269714321534789,-2.50011547372965
CS,DB,3,-4.202263361829012,0.5459640304602525,-5.272352861531108,-3.1321738621269173
CS,DB,4,-4.543467566477674,0.6369429566526589,-5.791875761516886,-3.295059371438463
CS,DB,5,-4.580893048093387,0.6948737267473214,-5.942845552518136,-3.2189405436686367
CS,DB,6,-5.134319349997094,0.7250261246760578,-6.555370554362167,-3.713268145632021
CS,DB,7,-4.719690285100985,0.7343659040707784,-6.159047457079711,-3.28033311312226
CS,DB,8,-4.612537247785937,0.7549816168510941,-6.092301216814081,-3.132773278757793
CS,DB,9,-4.311073966829269,0.780844344530484,-5.841528882109017,-2.78061905154952
CS,DB,10,-4.506567303988432,0.8403503754723969,-6.15365403991433,-2.8594805680625344
CS,CDOLS,1,,,,
CS,CDOLS,2,3.072667628887157,0.2517202757524504,2.579295888412355,3.56603936936196
CS,CDOLS,3,3.1526868692108665,0.2427090826652348,2.676977067187006,3.628396671234727
CS,CDOLS,4,3.315778268007577,0.239974747643295,2.8454277626267186,3.7861287733884352
CS,CDOLS,5,3.3721739766762258,0.2201119178494822,2.9407546176912405,3.803593335661211
CS,CDOLS,6,3.3533197056769573,0.234063320622625,2.894555597256612,3.8120838140973023
CS,CDOLS,7,3.4899679847202902,0.2312615085273423,3.0366954280067,3.943240541433881
CS,CDOLS,8,3.3646314657798797,0.2423670106839508,2.889592124839336,3.839670806720423
CS,CDOLS,9,3.3007020964227185,0.2045873818364936,2.899710828023191,3.701693364822246
CS,CDOLS,10,3.215096406474175,0.2333101670165777,2.7578084791216826,3.672384333826668
