cell,N,T,rho,sig_lam,est,D_I,bias_hmean,coverage_hmean,rmse_hmean,grade
main_N100_T100_rho0.2_xsd0,100,100,0.2,0.0,CDOLS,0.025912453863744345,-0.024377371913660517,0.6084848484848485,0.030021988577345594,poor
main_N100_T100_rho0.2_xsd0,100,100,0.2,0.0,DB,0.009399480870484365,0.00044207742135008343,0.9424242424242423,0.011769029368801283,good
main_N100_T100_rho0.2_xsd0,100,100,0.2,0.0,FE,0.011829636642856427,0.008212876007282408,0.8754545454545455,0.014633358909905574,moderate
main_N100_T100_rho0.2_xsd0,100,100,0.2,0.0,HPJ,0.026564473673557798,0.00927054451272991,0.5096969696969696,0.03337360839921594,poor
main_N100_T100_rho0.2_xsd0,100,100,0.2,0.0,SPJ,0.009581293963242282,0.0010641614048020635,0.9460606060606058,0.012018258423504714,good
main_N100_T100_rho0.2_xsd1,100,100,0.2,1.0,CDOLS,0.027282339184693093,-0.011952196539003417,0.56,0.03431594174479132,poor
main_N100_T100_rho0.2_xsd1,100,100,0.2,1.0,DB,0.025479763933485874,0.00023159229234573632,0.879090909090909,0.032127239802542625,moderate
main_N100_T100_rho0.2_xsd1,100,100,0.2,1.0,FE,0.026286007726962202,0.008004956809667218,0.8675757575757573,0.033060026996395896,moderate
main_N100_T100_rho0.2_xsd1,100,100,0.2,1.0,HPJ,0.035183723587120276,0.007574333911763137,0.7793939393939393,0.045507224269275795,poor
main_N100_T100_rho0.2_xsd1,100,100,0.2,1.0,SPJ,0.026661698510157903,0.0009935917167389547,0.8745454545454545,0.03368668929626236,moderate
main_N100_T100_rho0.5_xsd0,100,100,0.5,0.0,CDOLS,0.0352150308898273,-0.034080179203621726,0.40939393939393937,0.0396095119362026,poor
main_N100_T100_rho0.5_xsd0,100,100,0.5,0.0,DB,0.009337838434465865,0.0013398774230358728,0.922121212121212,0.01170378242973427,good
main_N100_T100_rho0.5_xsd0,100,100,0.5,0.0,FE,0.016977871368946833,0.015495354220737665,0.6578787878787878,0.02020879071343538,poor
main_N100_T100_rho0.5_xsd0,100,100,0.5,0.0,HPJ,0.02891651127930238,0.016844504414897148,0.42818181818181816,0.03626942483231956,poor
main_N100_T100_rho0.5_xsd0,100,100,0.5,0.0,SPJ,0.00984731861210488,0.0017723603130865545,0.922727272727273,0.012361497236403746,good
main_N100_T100_rho0.5_xsd1,100,100,0.5,1.0,CDOLS,0.03118458423500702,-0.017265640335613338,0.5124242424242424,0.03919523661653054,poor
main_N100_T100_rho0.5_xsd1,100,100,0.5,1.0,DB,0.02908100229425753,0.0012338534342019062,0.8296969696969696,0.037070246325519675,poor
main_N100_T100_rho0.5_xsd1,100,100,0.5,1.0,FE,0.03165446675508226,0.015439127956987708,0.7972727272727272,0.04021476688342612,poor
main_N100_T100_rho0.5_xsd1,100,100,0.5,1.0,HPJ,0.038949140693839555,0.015041637456787044,0.7190909090909091,0.04945724632025987,poor
main_N100_T100_rho0.5_xsd1,100,100,0.5,1.0,SPJ,0.03202566190432868,0.0018159364104966,0.8206060606060605,0.04129436174110401,poor
main_N100_T100_rho0.8_xsd0,100,100,0.8,0.0,CDOLS,0.05232983553591781,-0.0511887260932878,0.2548484848484848,0.059078805161938884,poor
main_N100_T100_rho0.8_xsd0,100,100,0.8,0.0,DB,0.0107987820970088,0.005681040578882073,0.7881818181818182,0.013971233788216667,poor
main_N100_T100_rho0.8_xsd0,100,100,0.8,0.0,FE,0.035337739534250116,0.03486189033831724,0.20393939393939384,0.04053367706491159,poor
main_N100_T100_rho0.8_xsd0,100,100,0.8,0.0,HPJ,0.04193238141364431,0.03658417791330951,0.24818181818181817,0.05276819151827304,poor
main_N100_T100_rho0.8_xsd0,100,100,0.8,0.0,SPJ,0.01159463850485279,0.0019166050081757188,0.8169696969696969,0.015041925120722294,poor
main_N100_T100_rho0.8_xsd1,100,100,0.8,1.0,CDOLS,0.04144876418530834,-0.02815112364268697,0.44212121212121214,0.05278698911022143,poor
main_N100_T100_rho0.8_xsd1,100,100,0.8,1.0,DB,0.037533714245054445,0.008301179067883045,0.6987878787878787,0.049642525959208574,poor
main_N100_T100_rho0.8_xsd1,100,100,0.8,1.0,FE,0.04874718950785672,0.037638998382623086,0.5593939393939393,0.06308087809874882,poor
main_N100_T100_rho0.8_xsd1,100,100,0.8,1.0,HPJ,0.05357992476553452,0.037429868098920765,0.5109090909090909,0.06933817332596728,poor
main_N100_T100_rho0.8_xsd1,100,100,0.8,1.0,SPJ,0.04457400245134366,0.0036059975113129543,0.69,0.06110737833329215,poor
main_N100_T100_rho0.95_xsd0,100,100,0.95,0.0,CDOLS,0.05248080980978089,-0.05106861323222723,0.3378787878787879,0.061810222689335385,poor
main_N100_T100_rho0.95_xsd0,100,100,0.95,0.0,DB,0.020196423630967856,0.019526694681635846,0.3981818181818181,0.026198701170837835,poor
main_N100_T100_rho0.95_xsd0,100,100,0.95,0.0,FE,0.05919334581238434,0.058919003651842355,0.09909090909090908,0.06946038899592019,poor
main_N100_T100_rho0.95_xsd0,100,100,0.95,0.0,HPJ,0.061573087531363695,0.05987008912163449,0.13030303030303028,0.07699348193267183,poor
main_N100_T100_rho0.95_xsd0,100,100,0.95,0.0,SPJ,0.013434716692890319,-0.002282280570892291,0.770909090909091,0.018257795482374883,poor
main_N100_T100_rho0.95_xsd1,100,100,0.95,1.0,CDOLS,0.05082391621576137,-0.03298612112320501,0.42696969696969683,0.06864348755538953,poor
main_N100_T100_rho0.95_xsd1,100,100,0.95,1.0,DB,0.04145644985246816,0.027862993102987555,0.5612121212121213,0.0568862228360179,poor
main_N100_T100_rho0.95_xsd1,100,100,0.95,1.0,FE,0.07097295358037047,0.06894703286979938,0.3339393939393939,0.09172297755957201,poor
main_N100_T100_rho0.95_xsd1,100,100,0.95,1.0,HPJ,0.07431250165101642,0.06991379853963867,0.2957575757575758,0.09831048762907817,poor
main_N100_T100_rho0.95_xsd1,100,100,0.95,1.0,SPJ,0.048861660365759736,0.002127989649854709,0.6209090909090909,0.06859260726555087,poor
main_N100_T20_rho0.2_xsd0,100,20,0.2,0.0,CDOLS,0.03637094378252711,-0.023289864125526586,0.895238095238095,0.045519092233615756,moderate
main_N100_T20_rho0.2_xsd0,100,20,0.2,0.0,DB,0.024383579163453156,0.00643094040932843,0.9276190476190477,0.030563117391877434,good
main_N100_T20_rho0.2_xsd0,100,20,0.2,0.0,FE,0.04152805059573094,0.03699847540768364,0.689047619047619,0.04985980401399818,poor
main_N100_T20_rho0.2_xsd0,100,20,0.2,0.0,HPJ,0.069566887906659,0.03452479703929733,0.45904761904761904,0.08778359776510275,poor
main_N100_T20_rho0.2_xsd0,100,20,0.2,0.0,SPJ,0.032996968073877496,0.018962232091712713,0.8661904761904762,0.04251075077652813,moderate
main_N100_T20_rho0.2_xsd1,100,20,0.2,1.0,CDOLS,0.05787473677706166,-0.013566550786964742,0.6195238095238096,0.07458915759415884,poor
main_N100_T20_rho0.2_xsd1,100,20,0.2,1.0,DB,0.05491285636747118,0.009309880820456256,0.6809523809523811,0.07155905435853312,poor
main_N100_T20_rho0.2_xsd1,100,20,0.2,1.0,FE,0.06429220599487417,0.039828471840397214,0.5947619047619047,0.08248283676173193,poor
main_N100_T20_rho0.2_xsd1,100,20,0.2,1.0,HPJ,0.08364849430073217,0.04089754111276705,0.4657142857142857,0.10549931530628791,poor
main_N100_T20_rho0.2_xsd1,100,20,0.2,1.0,SPJ,0.06489880798022596,0.022142528639878357,0.6614285714285714,0.08636464338675838,poor
main_N100_T20_rho0.5_xsd0,100,20,0.5,0.0,CDOLS,0.0413006611754679,-0.03064613550781014,0.858095238095238,0.05127318806604752,moderate
main_N100_T20_rho0.5_xsd0,100,20,0.5,0.0,DB,0.029024795402745558,0.019202488360969716,0.839047619047619,0.036814811828764185,poor
main_N100_T20_rho0.5_xsd0,100,20,0.5,0.0,FE,0.07179344415625896,0.06916603340672058,0.3019047619047619,0.08149285283946678,poor
main_N100_T20_rho0.5_xsd0,100,20,0.5,0.0,HPJ,0.08458919005266663,0.06589145245979071,0.36238095238095236,0.10555492534221587,poor
main_N100_T20_rho0.5_xsd0,100,20,0.5,0.0,SPJ,0.04661055939543566,0.033321870492533046,0.7409523809523808,0.06260283006475811,poor
main_N100_T20_rho0.5_xsd1,100,20,0.5,1.0,CDOLS,0.06195780533329296,-0.017622093723015795,0.6061904761904762,0.08063446447696673,poor
main_N100_T20_rho0.5_xsd1,100,20,0.5,1.0,DB,0.061055275081204306,0.024714986033386142,0.6228571428571429,0.08039692402815231,poor
main_N100_T20_rho0.5_xsd1,100,20,0.5,1.0,FE,0.08688795784514916,0.07395629370363213,0.43666666666666665,0.10932514303440814,poor
main_N100_T20_rho0.5_xsd1,100,20,0.5,1.0,HPJ,0.10129220075086452,0.07476993401887357,0.36619047619047623,0.1263577539508433,poor
main_N100_T20_rho0.5_xsd1,100,20,0.5,1.0,SPJ,0.08241171759442853,0.038737325003947,0.5780952380952381,0.11131944317334046,poor
main_N100_T20_rho0.8_xsd0,100,20,0.8,0.0,CDOLS,0.05096109199852904,-0.0421573039158664,0.7938095238095236,0.0631480877687195,poor
main_N100_T20_rho0.8_xsd0,100,20,0.8,0.0,DB,0.07280525248531915,0.06997834978792963,0.36238095238095236,0.08914922749453669,poor
main_N100_T20_rho0.8_xsd0,100,20,0.8,0.0,FE,0.14863647163922641,0.14657056665044724,0.14619047619047618,0.1706611564320193,poor
main_N100_T20_rho0.8_xsd0,100,20,0.8,0.0,HPJ,0.150726541268805,0.14335829124485727,0.1614285714285714,0.18215776857016888,poor
main_N100_T20_rho0.8_xsd0,100,20,0.8,0.0,SPJ,0.08164225425004393,0.06963406187881337,0.5904761904761904,0.11496080798283603,poor
main_N100_T20_rho0.8_xsd1,100,20,0.8,1.0,CDOLS,0.07141195531507498,-0.02229378869577437,0.5852380952380952,0.09565348596825662,poor
main_N100_T20_rho0.8_xsd1,100,20,0.8,1.0,DB,0.10097760305526372,0.08688538031993619,0.3952380952380952,0.14008090510636548,poor
main_N100_T20_rho0.8_xsd1,100,20,0.8,1.0,FE,0.16228269394025685,0.15732053683716002,0.21285714285714288,0.1958863315984497,poor
main_N100_T20_rho0.8_xsd1,100,20,0.8,1.0,HPJ,0.1671555798152319,0.15643890829162718,0.1766666666666667,0.20441431118916717,poor
main_N100_T20_rho0.8_xsd1,100,20,0.8,1.0,SPJ,0.12920047657300932,0.0844095503895476,0.44857142857142857,0.17586620290197594,poor
main_N100_T20_rho0.95_xsd0,100,20,0.95,0.0,CDOLS,0.05943044534461408,-0.05108350931801786,0.7566666666666666,0.07463593906545765,poor
main_N100_T20_rho0.95_xsd0,100,20,0.95,0.0,DB,0.13154081974925755,0.12995412496452094,0.1895238095238095,0.16136972750053932,poor
main_N100_T20_rho0.95_xsd0,100,20,0.95,0.0,FE,0.20695544100064298,0.20539698939956677,0.13428571428571429,0.24391573185195567,poor
main_N100_T20_rho0.95_xsd0,100,20,0.95,0.0,HPJ,0.20754738360037356,0.20303453293964052,0.10761904761904761,0.2524933151986141,poor
main_N100_T20_rho0.95_xsd0,100,20,0.95,0.0,SPJ,0.10088879463546498,0.09175489452584304,0.5528571428571428,0.1449251746450792,poor
main_N100_T20_rho0.95_xsd1,100,20,0.95,1.0,CDOLS,0.08041704883233858,-0.024200209034970856,0.5752380952380952,0.11235847354827816,poor
main_N100_T20_rho0.95_xsd1,100,20,0.95,1.0,DB,0.1618488816366999,0.15961886101758407,0.2414285714285714,0.2254906585036299,poor
main_N100_T20_rho0.95_xsd1,100,20,0.95,1.0,FE,0.22839326990425252,0.22594260661724053,0.1547619047619047,0.2772120649211332,poor
main_N100_T20_rho0.95_xsd1,100,20,0.95,1.0,HPJ,0.22975346466346067,0.2239625372531144,0.10999999999999999,0.2829103407230056,poor
main_N100_T20_rho0.95_xsd1,100,20,0.95,1.0,SPJ,0.15204813359649652,0.11934265423352299,0.4509523809523809,0.2167098426360733,poor
main_N100_T50_rho0.2_xsd0,100,50,0.2,0.0,CDOLS,0.027801922019797597,-0.02430987571098406,0.8021212121212122,0.03358890656203573,poor
main_N100_T50_rho0.2_xsd0,100,50,0.2,0.0,DB,0.013672261762785699,0.0016753775566804088,0.9445454545454545,0.017194428094606563,good
main_N100_T50_rho0.2_xsd0,100,50,0.2,0.0,FE,0.02005782226556835,0.01656057382538982,0.8224242424242424,0.024484240821242766,poor
main_N100_T50_rho0.2_xsd0,100,50,0.2,0.0,HPJ,0.04026252035502273,0.01723295597346793,0.4842424242424243,0.05041304195844831,poor
main_N100_T50_rho0.2_xsd0,100,50,0.2,0.0,SPJ,0.014885212178994965,0.004639720357717964,0.9369696969696968,0.01866846535936848,good
main_N100_T50_rho0.2_xsd1,100,50,0.2,1.0,CDOLS,0.03824226283519556,-0.01234453576757849,0.5654545454545454,0.04879223127147092,poor
main_N100_T50_rho0.2_xsd1,100,50,0.2,1.0,DB,0.0366266261426822,-6.282102606410992e-05,0.7969696969696969,0.04671345066568434,poor
main_N100_T50_rho0.2_xsd1,100,50,0.2,1.0,FE,0.038891560334338784,0.015084443983035711,0.7772727272727273,0.04923467848755541,poor
main_N100_T50_rho0.2_xsd1,100,50,0.2,1.0,HPJ,0.05031488868138028,0.015956921617977772,0.6621212121212121,0.0641830381256794,poor
main_N100_T50_rho0.2_xsd1,100,50,0.2,1.0,SPJ,0.03941772904297985,0.0025739001405635635,0.7957575757575757,0.05085977771452249,poor
main_N100_T50_rho0.5_xsd0,100,50,0.5,0.0,CDOLS,0.03633221826377131,-0.034058083704932754,0.6748484848484849,0.04251441156691932,poor
main_N100_T50_rho0.5_xsd0,100,50,0.5,0.0,DB,0.013825437444568682,0.004763007277565227,0.923030303030303,0.01746343507280578,good
main_N100_T50_rho0.5_xsd0,100,50,0.5,0.0,FE,0.03279785269811286,0.03149496741362596,0.4700000000000001,0.037476592958423594,poor
main_N100_T50_rho0.5_xsd0,100,50,0.5,0.0,HPJ,0.045352348566028114,0.03241876789326522,0.4148484848484848,0.057020148703865056,poor
main_N100_T50_rho0.5_xsd0,100,50,0.5,0.0,SPJ,0.016699742537862303,0.008066826837767218,0.8972727272727272,0.021132151411220084,moderate
main_N100_T50_rho0.5_xsd1,100,50,0.5,1.0,CDOLS,0.04242155258453016,-0.017932824900439803,0.5381818181818181,0.054070617721071954,poor
main_N100_T50_rho0.5_xsd1,100,50,0.5,1.0,DB,0.040531208403839857,0.002398690217647664,0.7506060606060607,0.052360205708908716,poor
main_N100_T50_rho0.5_xsd1,100,50,0.5,1.0,FE,0.04755931883012104,0.029594126952716626,0.6609090909090909,0.06055596202272731,poor
main_N100_T50_rho0.5_xsd1,100,50,0.5,1.0,HPJ,0.05636260426509488,0.0305411524481239,0.5800000000000001,0.07102795652645168,poor
main_N100_T50_rho0.5_xsd1,100,50,0.5,1.0,SPJ,0.047609729458780385,0.005041930004735537,0.7303030303030303,0.06323269781112013,poor
main_N100_T50_rho0.8_xsd0,100,50,0.8,0.0,CDOLS,0.05395145978744027,-0.0519735287922553,0.4393939393939394,0.062279357126644785,poor
main_N100_T50_rho0.8_xsd0,100,50,0.8,0.0,DB,0.023411359646935234,0.020748094533948644,0.6321212121212121,0.0293647794425303,poor
main_N100_T50_rho0.8_xsd0,100,50,0.8,0.0,FE,0.07428046161009615,0.07356463757252611,0.12575757575757573,0.08319339818568396,poor
main_N100_T50_rho0.8_xsd0,100,50,0.8,0.0,HPJ,0.07846452060816515,0.07477280721297835,0.16727272727272727,0.09389090899428457,poor
main_N100_T50_rho0.8_xsd0,100,50,0.8,0.0,SPJ,0.02408071507793236,0.014732968561823783,0.7733333333333334,0.03219695643772116,poor
main_N100_T50_rho0.8_xsd1,100,50,0.8,1.0,CDOLS,0.0535215257651108,-0.029396625643789233,0.4981818181818181,0.06996695579900522,poor
main_N100_T50_rho0.8_xsd1,100,50,0.8,1.0,DB,0.05425949641229455,0.02132677943660861,0.5748484848484848,0.0713349786030198,poor
main_N100_T50_rho0.8_xsd1,100,50,0.8,1.0,FE,0.08363653452911006,0.07475691675213025,0.36060606060606054,0.10446444143831372,poor
main_N100_T50_rho0.8_xsd1,100,50,0.8,1.0,HPJ,0.08735211065724123,0.07536176877916553,0.33939393939393936,0.10988909152398708,poor
main_N100_T50_rho0.8_xsd1,100,50,0.8,1.0,SPJ,0.07236498244527803,0.014075939632155192,0.5463636363636364,0.09859944962931275,poor
main_N100_T50_rho0.95_xsd0,100,50,0.95,0.0,CDOLS,0.06319596630443113,-0.06084477996011102,0.43363636363636365,0.07569066437876576,poor
main_N100_T50_rho0.95_xsd0,100,50,0.95,0.0,DB,0.059264496350692066,0.05879962884789149,0.19606060606060607,0.07240834808823403,poor
main_N100_T50_rho0.95_xsd0,100,50,0.95,0.0,FE,0.1239453702745331,0.12352258280958571,0.08787878787878788,0.14419027878446364,poor
main_N100_T50_rho0.95_xsd0,100,50,0.95,0.0,HPJ,0.12586406416004353,0.12409941644057422,0.0839393939393939,0.1523857054222248,poor
main_N100_T50_rho0.95_xsd0,100,50,0.95,0.0,SPJ,0.03221355262366792,0.01954162577838002,0.7266666666666667,0.046758309536399534,poor
main_N100_T50_rho0.95_xsd1,100,50,0.95,1.0,CDOLS,0.0677005550459215,-0.039460933893360646,0.4796969696969697,0.09588215272316217,poor
main_N100_T50_rho0.95_xsd1,100,50,0.95,1.0,DB,0.0845547959202122,0.0779830959973066,0.3366666666666666,0.11020886205034038,poor
main_N100_T50_rho0.95_xsd1,100,50,0.95,1.0,FE,0.14523155404593951,0.14422187704994294,0.1615151515151515,0.17721381351806836,poor
main_N100_T50_rho0.95_xsd1,100,50,0.95,1.0,HPJ,0.14654463933924153,0.14420806707852232,0.14303030303030298,0.18110599252445866,poor
main_N100_T50_rho0.95_xsd1,100,50,0.95,1.0,SPJ,0.08695052237236384,0.0426099437389436,0.5206060606060606,0.12305378929932867,poor
main_N200_T100_rho0.2_xsd0,200,100,0.2,0.0,CDOLS,0.024798722423583153,-0.02403563496948262,0.3836363636363636,0.027601122217007754,poor
main_N200_T100_rho0.2_xsd0,200,100,0.2,0.0,DB,0.006486322008360437,0.000500178150360577,0.9484848484848485,0.008189385877354223,good
main_N200_T100_rho0.2_xsd0,200,100,0.2,0.0,FE,0.009915182859628818,0.008262036742320338,0.8209090909090908,0.011968490297991958,poor
main_N200_T100_rho0.2_xsd0,200,100,0.2,0.0,HPJ,0.01944316403204101,0.00761455046962381,0.4866666666666667,0.024389933300348013,poor
main_N200_T100_rho0.2_xsd0,200,100,0.2,0.0,SPJ,0.006699309942591555,0.0010427143687943999,0.9475757575757574,0.008442862011908223,good
main_N200_T100_rho0.2_xsd1,200,100,0.2,1.0,CDOLS,0.025895379701223544,-0.011784463534088173,0.4475757575757576,0.03295138073709997,poor
main_N200_T100_rho0.2_xsd1,200,100,0.2,1.0,DB,0.024255113949524378,0.0010747126459993636,0.7830303030303031,0.030875943322532642,poor
main_N200_T100_rho0.2_xsd1,200,100,0.2,1.0,FE,0.025397232416468494,0.0087811145083163,0.7672727272727272,0.03213599327785238,poor
main_N200_T100_rho0.2_xsd1,200,100,0.2,1.0,HPJ,0.0316079928965839,0.00804694321321142,0.6824242424242424,0.039871297782183755,poor
main_N200_T100_rho0.2_xsd1,200,100,0.2,1.0,SPJ,0.025400564656655637,0.0017441569120050726,0.7775757575757577,0.032348124927956176,poor
main_N200_T100_rho0.5_xsd0,200,100,0.5,0.0,CDOLS,0.0345157103956462,-0.03379903164094217,0.19787878787878785,0.03770231885656252,poor
main_N200_T100_rho0.5_xsd0,200,100,0.5,0.0,DB,0.006482993012550745,0.0012636570103464544,0.9306060606060605,0.00813225074143126,good
main_N200_T100_rho0.5_xsd0,200,100,0.5,0.0,FE,0.016017409697832302,0.015409411726006754,0.4563636363636363,0.01828963171456969,poor
main_N200_T100_rho0.5_xsd0,200,100,0.5,0.0,HPJ,0.021868344510330737,0.014321196160706401,0.3987878787878787,0.02722983605643526,poor
main_N200_T100_rho0.5_xsd0,200,100,0.5,0.0,SPJ,0.0069581733088732636,0.0016041100959107454,0.926969696969697,0.00873682813846573,good
main_N200_T100_rho0.5_xsd1,200,100,0.5,1.0,CDOLS,0.029700120490873397,-0.01703053284087141,0.41484848484848486,0.03783996692352566,poor
main_N200_T100_rho0.5_xsd1,200,100,0.5,1.0,DB,0.027479283130934597,0.0024001800368529374,0.7206060606060606,0.03543329343612673,poor
main_N200_T100_rho0.5_xsd1,200,100,0.5,1.0,FE,0.03078468533224886,0.016425034670840118,0.6675757575757575,0.039066340304238806,poor
main_N200_T100_rho0.5_xsd1,200,100,0.5,1.0,HPJ,0.03577822533795794,0.015932804388236247,0.5957575757575757,0.04497801588597255,poor
main_N200_T100_rho0.5_xsd1,200,100,0.5,1.0,SPJ,0.03005188026537289,0.0026748499544052545,0.7051515151515151,0.03914703162977464,poor
main_N200_T100_rho0.8_xsd0,200,100,0.8,0.0,CDOLS,0.05172143259912854,-0.050983508870348596,0.1618181818181818,0.05773637510384098,poor
main_N200_T100_rho0.8_xsd0,200,100,0.8,0.0,DB,0.008132296965155118,0.005305427992047237,0.7593939393939394,0.010645276574305003,poor
main_N200_T100_rho0.8_xsd0,200,100,0.8,0.0,FE,0.03481473561455434,0.03450344333391933,0.12575757575757573,0.039220915592858306,poor
main_N200_T100_rho0.8_xsd0,200,100,0.8,0.0,HPJ,0.03468653836569283,0.032406122482248195,0.20787878787878789,0.04282171105909814,poor
main_N200_T100_rho0.8_xsd0,200,100,0.8,0.0,SPJ,0.008210278551608954,0.0015576857251521454,0.8266666666666665,0.010733459943453247,poor
main_N200_T100_rho0.8_xsd1,200,100,0.8,1.0,CDOLS,0.038852482545459636,-0.026873407174130406,0.36818181818181817,0.05051831559694017,poor
main_N200_T100_rho0.8_xsd1,200,100,0.8,1.0,DB,0.03596612634770255,0.009344902767578793,0.5696969696969698,0.04735412719553273,poor
main_N200_T100_rho0.8_xsd1,200,100,0.8,1.0,FE,0.04770835558173278,0.03827740084182956,0.4436363636363636,0.06113922069681257,poor
main_N200_T100_rho0.8_xsd1,200,100,0.8,1.0,HPJ,0.051031635092795985,0.03837335788765037,0.3845454545454545,0.06466423792592518,poor
main_N200_T100_rho0.8_xsd1,200,100,0.8,1.0,SPJ,0.042952690270132876,0.00393952692077809,0.5493939393939393,0.05746027224090322,poor
main_N200_T100_rho0.95_xsd0,200,100,0.95,0.0,CDOLS,0.05184932560172773,-0.05098803593664762,0.23878787878787877,0.060572563735579114,poor
main_N200_T100_rho0.95_xsd0,200,100,0.95,0.0,DB,0.019660884526011266,0.01941123401445943,0.2615151515151515,0.02461701486310906,poor
main_N200_T100_rho0.95_xsd0,200,100,0.95,0.0,FE,0.0590166696652505,0.05883697153583185,0.08848484848484849,0.0688792152131273,poor
main_N200_T100_rho0.95_xsd0,200,100,0.95,0.0,HPJ,0.057599479433318626,0.05704611503951666,0.07515151515151514,0.06983601481457047,poor
main_N200_T100_rho0.95_xsd0,200,100,0.95,0.0,SPJ,0.00930750747948061,-0.002145368721339899,0.776969696969697,0.012866109377093569,poor
main_N200_T100_rho0.95_xsd1,200,100,0.95,1.0,CDOLS,0.04655541029286572,-0.029198279794893166,0.36363636363636365,0.06445026948584576,poor
main_N200_T100_rho0.95_xsd1,200,100,0.95,1.0,DB,0.04199756411136835,0.02989294067083309,0.4112121212121212,0.05610790510609805,poor
main_N200_T100_rho0.95_xsd1,200,100,0.95,1.0,FE,0.07174306315172876,0.07037989316577122,0.24030303030303032,0.09159574527350205,poor
main_N200_T100_rho0.95_xsd1,200,100,0.95,1.0,HPJ,0.0725324333824866,0.07028964951516077,0.2051515151515151,0.09338677802379006,poor
main_N200_T100_rho0.95_xsd1,200,100,0.95,1.0,SPJ,0.04580324795177235,0.0050156118112394425,0.48303030303030303,0.06366945149918274,poor
main_N200_T20_rho0.2_xsd0,200,20,0.2,0.0,CDOLS,0.02835494658461599,-0.020939135179875428,0.862857142857143,0.03534738184438819,moderate
main_N200_T20_rho0.2_xsd0,200,20,0.2,0.0,DB,0.01738952448696167,0.006876692919744861,0.9266666666666666,0.021720686163090443,good
main_N200_T20_rho0.2_xsd0,200,20,0.2,0.0,FE,0.03966719738559681,0.03744394765560688,0.49571428571428566,0.045334866556355026,poor
main_N200_T20_rho0.2_xsd0,200,20,0.2,0.0,HPJ,0.055732068622153894,0.03818677896557051,0.40904761904761905,0.0694540669394883,poor
main_N200_T20_rho0.2_xsd0,200,20,0.2,0.0,SPJ,0.027528577307607986,0.019567402217542346,0.8085714285714286,0.03582905546121781,poor
main_N200_T20_rho0.2_xsd1,200,20,0.2,1.0,CDOLS,0.05233627151643174,-0.011004441857795243,0.5185714285714285,0.0674491331583308,poor
main_N200_T20_rho0.2_xsd1,200,20,0.2,1.0,DB,0.05020712502255653,0.008613026357956643,0.5642857142857143,0.06517323770616136,poor
main_N200_T20_rho0.2_xsd1,200,20,0.2,1.0,FE,0.06005596916712277,0.03943665459869762,0.4838095238095238,0.07727639756610606,poor
main_N200_T20_rho0.2_xsd1,200,20,0.2,1.0,HPJ,0.07010968033260931,0.040039481304107054,0.38904761904761903,0.08860846711892795,poor
main_N200_T20_rho0.2_xsd1,200,20,0.2,1.0,SPJ,0.060031896510491005,0.022691052930533084,0.5390476190476191,0.07903767797809529,poor
main_N200_T20_rho0.5_xsd0,200,20,0.5,0.0,CDOLS,0.03391326129380061,-0.028330366111972476,0.7957142857142857,0.04178736148970608,poor
main_N200_T20_rho0.5_xsd0,200,20,0.5,0.0,DB,0.024148996671469185,0.01981675252382934,0.7757142857142858,0.030020258686727804,poor
main_N200_T20_rho0.5_xsd0,200,20,0.5,0.0,FE,0.0714300766408338,0.06976003242262714,0.16571428571428568,0.07908194177378967,poor
main_N200_T20_rho0.5_xsd0,200,20,0.5,0.0,HPJ,0.07870658489131445,0.07075148851917032,0.2495238095238095,0.09483629632280284,poor
main_N200_T20_rho0.5_xsd0,200,20,0.5,0.0,SPJ,0.041960337561280904,0.03403147723714175,0.6633333333333332,0.0571444898141556,poor
main_N200_T20_rho0.5_xsd1,200,20,0.5,1.0,CDOLS,0.05607080262144391,-0.0135895877414392,0.5052380952380952,0.07292364556455232,poor
main_N200_T20_rho0.5_xsd1,200,20,0.5,1.0,DB,0.056777957608776526,0.02464062220794146,0.4923809523809524,0.0737152725036575,poor
main_N200_T20_rho0.5_xsd1,200,20,0.5,1.0,FE,0.08379658775494293,0.07427313355457875,0.3471428571428571,0.10569369636228702,poor
main_N200_T20_rho0.5_xsd1,200,20,0.5,1.0,HPJ,0.09128212319176451,0.07518130173344302,0.2833333333333333,0.11377543111967317,poor
main_N200_T20_rho0.5_xsd1,200,20,0.5,1.0,SPJ,0.07737758747443557,0.040365718574935094,0.46904761904761905,0.10415671186148592,poor
main_N200_T20_rho0.8_xsd0,200,20,0.8,0.0,CDOLS,0.04457434340503701,-0.03985764421924542,0.6842857142857143,0.05448157701689193,poor
main_N200_T20_rho0.8_xsd0,200,20,0.8,0.0,DB,0.07252990361482585,0.07104702164240274,0.25571428571428567,0.08690080505220271,poor
main_N200_T20_rho0.8_xsd0,200,20,0.8,0.0,FE,0.14894462311312337,0.14755560701474105,0.13666666666666666,0.17007005884010382,poor
main_N200_T20_rho0.8_xsd0,200,20,0.8,0.0,HPJ,0.1516856544648995,0.1478327288418438,0.10476190476190475,0.17726813342527334,poor
main_N200_T20_rho0.8_xsd0,200,20,0.8,0.0,SPJ,0.07846012246386017,0.07118989087314273,0.5333333333333334,0.11151046268465341,poor
main_N200_T20_rho0.8_xsd1,200,20,0.8,1.0,CDOLS,0.06526104617956086,-0.016168037290474557,0.4723809523809524,0.08632742938736782,poor
main_N200_T20_rho0.8_xsd1,200,20,0.8,1.0,DB,0.0964096235834775,0.08339635567256608,0.31333333333333335,0.12424342169889689,poor
main_N200_T20_rho0.8_xsd1,200,20,0.8,1.0,FE,0.16050331340947044,0.15841443121042623,0.18238095238095237,0.19452640628780998,poor
main_N200_T20_rho0.8_xsd1,200,20,0.8,1.0,HPJ,0.16459811057504203,0.1591721671827831,0.13190476190476189,0.19902999885386086,poor
main_N200_T20_rho0.8_xsd1,200,20,0.8,1.0,SPJ,0.12363493056126755,0.08503237600573298,0.3685714285714285,0.16837917844073672,poor
main_N200_T20_rho0.95_xsd0,200,20,0.95,0.0,CDOLS,0.053437085324253654,-0.04878221580323611,0.6233333333333332,0.06620423583109394,poor
main_N200_T20_rho0.95_xsd0,200,20,0.95,0.0,DB,0.1325672777623075,0.13142297333893468,0.14523809523809522,0.1615804387738716,poor
main_N200_T20_rho0.95_xsd0,200,20,0.95,0.0,FE,0.2079738077989775,0.20683088430229107,0.13238095238095238,0.2445869907174004,poor
main_N200_T20_rho0.95_xsd0,200,20,0.95,0.0,HPJ,0.21190944112319815,0.2090060482464279,0.08333333333333333,0.251606003140029,poor
main_N200_T20_rho0.95_xsd0,200,20,0.95,0.0,SPJ,0.1002810105030248,0.09437435365011218,0.48047619047619045,0.1442807018195552,poor
main_N200_T20_rho0.95_xsd1,200,20,0.95,1.0,CDOLS,0.0741015088307302,-0.017604257871667084,0.4552380952380952,0.10128360523415804,poor
main_N200_T20_rho0.95_xsd1,200,20,0.95,1.0,DB,0.16951117574026991,0.16770815054137087,0.21142857142857135,0.315124052201339,poor
main_N200_T20_rho0.95_xsd1,200,20,0.95,1.0,FE,0.22931208314194804,0.2280903789583793,0.14619047619047615,0.27828609711279456,poor
main_N200_T20_rho0.95_xsd1,200,20,0.95,1.0,HPJ,0.2315431889624767,0.22880609236838148,0.08999999999999997,0.2813638494218854,poor
main_N200_T20_rho0.95_xsd1,200,20,0.95,1.0,SPJ,0.15117196054946472,0.12130405710720173,0.36238095238095236,0.2130206908908786,poor
main_N200_T50_rho0.2_xsd0,200,50,0.2,0.0,CDOLS,0.025635002201581093,-0.024085495916475515,0.6572727272727272,0.02981223410444451,poor
main_N200_T50_rho0.2_xsd0,200,50,0.2,0.0,DB,0.009839724557561545,0.0015019591739345909,0.9406060606060607,0.012368959899899525,good
main_N200_T50_rho0.2_xsd0,200,50,0.2,0.0,FE,0.017904739154690406,0.016376535812007792,0.7106060606060606,0.02111645353695412,poor
main_N200_T50_rho0.2_xsd0,200,50,0.2,0.0,HPJ,0.030266155457034986,0.01679666880741188,0.45515151515151514,0.037809625834251855,poor
main_N200_T50_rho0.2_xsd0,200,50,0.2,0.0,SPJ,0.011008841962113365,0.004448751837843109,0.9266666666666669,0.013855050532947532,good
main_N200_T50_rho0.2_xsd1,200,50,0.2,1.0,CDOLS,0.03590319982709023,-0.013375078561001091,0.4603030303030302,0.045518730465118944,poor
main_N200_T50_rho0.2_xsd1,200,50,0.2,1.0,DB,0.03423794192215763,0.0017057622528665638,0.6663636363636364,0.04360252895446541,poor
main_N200_T50_rho0.2_xsd1,200,50,0.2,1.0,FE,0.03682320861503605,0.01667178280451151,0.6418181818181817,0.046902515413329134,poor
main_N200_T50_rho0.2_xsd1,200,50,0.2,1.0,HPJ,0.04400237317039369,0.017066048797344954,0.5536363636363636,0.05530816546227178,poor
main_N200_T50_rho0.2_xsd1,200,50,0.2,1.0,SPJ,0.037124913348443866,0.005071825745930391,0.6560606060606061,0.047655302993591525,poor
main_N200_T50_rho0.5_xsd0,200,50,0.5,0.0,CDOLS,0.03514952823445852,-0.03387977006548869,0.4475757575757576,0.039485099251901044,poor
main_N200_T50_rho0.5_xsd0,200,50,0.5,0.0,DB,0.01008656312539571,0.004339915772175118,0.9087878787878789,0.012797608199104367,good
main_N200_T50_rho0.5_xsd0,200,50,0.5,0.0,FE,0.03176397270665837,0.031063002359901126,0.25151515151515147,0.035084713821433515,poor
main_N200_T50_rho0.5_xsd0,200,50,0.5,0.0,HPJ,0.0383102818233217,0.03164204880903842,0.32363636363636367,0.0469522804349915,poor
main_N200_T50_rho0.5_xsd0,200,50,0.5,0.0,SPJ,0.012820496391322272,0.007507445734207918,0.8693939393939392,0.016415652374683086,moderate
main_N200_T50_rho0.5_xsd1,200,50,0.5,1.0,CDOLS,0.040394018264057245,-0.019022130825546685,0.4278787878787878,0.05140575112024921,poor
main_N200_T50_rho0.5_xsd1,200,50,0.5,1.0,DB,0.038666840145979924,0.005630548963948782,0.5927272727272727,0.04978931494698341,poor
main_N200_T50_rho0.5_xsd1,200,50,0.5,1.0,FE,0.046909059453871554,0.03237751881568917,0.5063636363636363,0.05982675688017471,poor
main_N200_T50_rho0.5_xsd1,200,50,0.5,1.0,HPJ,0.052895723124284186,0.03257143289748355,0.45303030303030306,0.06665230915153404,poor
main_N200_T50_rho0.5_xsd1,200,50,0.5,1.0,SPJ,0.045512681628605514,0.00973423876583938,0.5696969696969697,0.05983440929396818,poor
main_N200_T50_rho0.8_xsd0,200,50,0.8,0.0,CDOLS,0.05338855612970874,-0.05210328626508567,0.25757575757575757,0.060245963163141306,poor
main_N200_T50_rho0.8_xsd0,200,50,0.8,0.0,DB,0.020984233095017676,0.019798984964214374,0.5066666666666667,0.02580907397527217,poor
main_N200_T50_rho0.8_xsd0,200,50,0.8,0.0,FE,0.07310657895172037,0.07264293150643185,0.09545454545454546,0.0814143442098308,poor
main_N200_T50_rho0.8_xsd0,200,50,0.8,0.0,HPJ,0.07600257572743858,0.07399653876413959,0.10484848484848483,0.08887048415530799,poor
main_N200_T50_rho0.8_xsd0,200,50,0.8,0.0,SPJ,0.01953768249111976,0.013192479766132172,0.7109090909090908,0.0267352131615669,poor
main_N200_T50_rho0.8_xsd1,200,50,0.8,1.0,CDOLS,0.05148487543234355,-0.0297737997031836,0.39969696969696966,0.06761762757631629,poor
main_N200_T50_rho0.8_xsd1,200,50,0.8,1.0,DB,0.053932206968575126,0.02724255599922409,0.42363636363636364,0.0699120541376734,poor
main_N200_T50_rho0.8_xsd1,200,50,0.8,1.0,FE,0.08624221401616389,0.07990591027571294,0.25666666666666665,0.10643671127662886,poor
main_N200_T50_rho0.8_xsd1,200,50,0.8,1.0,HPJ,0.08964727034376198,0.07979670632958698,0.21969696969696964,0.11067143056320754,poor
main_N200_T50_rho0.8_xsd1,200,50,0.8,1.0,SPJ,0.06815438207300457,0.024315587420918074,0.43060606060606066,0.09225644044262318,poor
main_N200_T50_rho0.95_xsd0,200,50,0.95,0.0,CDOLS,0.06305574358513043,-0.061637120810835194,0.28545454545454546,0.07424983568404793,poor
main_N200_T50_rho0.95_xsd0,200,50,0.95,0.0,DB,0.058478125841711595,0.05818566053622388,0.13727272727272724,0.07068051098592472,poor
main_N200_T50_rho0.95_xsd0,200,50,0.95,0.0,FE,0.12324431856678876,0.12295568713181511,0.08636363636363636,0.14314907402528373,poor
main_N200_T50_rho0.95_xsd0,200,50,0.95,0.0,HPJ,0.12406638163283143,0.12315117137779201,0.05939393939393938,0.14736954965664667,poor
main_N200_T50_rho0.95_xsd0,200,50,0.95,0.0,SPJ,0.028316864662934604,0.018555519028809375,0.646060606060606,0.0414825995775056,poor
main_N200_T50_rho0.95_xsd1,200,50,0.95,1.0,CDOLS,0.06347977514469122,-0.03621936809919342,0.3981818181818182,0.08998701749699795,poor
main_N200_T50_rho0.95_xsd1,200,50,0.95,1.0,DB,0.08538222474722593,0.07937091459272705,0.24363636363636362,0.10994579841657015,poor
main_N200_T50_rho0.95_xsd1,200,50,0.95,1.0,FE,0.1464798646968055,0.14546367407585747,0.1257575757575757,0.1774235840015981,poor
main_N200_T50_rho0.95_xsd1,200,50,0.95,1.0,HPJ,0.14615960764573552,0.1440674683957136,0.09939393939393937,0.17916962451363413,poor
main_N200_T50_rho0.95_xsd1,200,50,0.95,1.0,SPJ,0.0828466870349252,0.04865099054084791,0.4184848484848484,0.11581089213002065,poor
main_N20_T100_rho0.2_xsd0,20,100,0.2,0.0,CDOLS,0.03515723569396507,-0.024215159647400588,0.8536363636363635,0.04331298751281807,moderate
main_N20_T100_rho0.2_xsd0,20,100,0.2,0.0,DB,0.020843999832231244,0.00025484815714559093,0.9254545454545453,0.02622583448156574,good
main_N20_T100_rho0.2_xsd0,20,100,0.2,0.0,FE,0.021813687694449663,0.008034684145732036,0.9154545454545455,0.027587702578582382,good
main_N20_T100_rho0.2_xsd0,20,100,0.2,0.0,HPJ,0.060351869419850705,0.007080005886344709,0.4851515151515151,0.07620784560275881,poor
main_N20_T100_rho0.2_xsd0,20,100,0.2,0.0,SPJ,0.02117415368340129,0.000643364744011596,0.9309090909090908,0.026580747843565514,good
main_N20_T100_rho0.2_xsd1,20,100,0.2,1.0,CDOLS,0.0358444351780236,-0.0115135743829891,0.7796969696969698,0.045320949608238785,poor
main_N20_T100_rho0.2_xsd1,20,100,0.2,1.0,DB,0.03115316825660145,0.001068037133173655,0.8787878787878789,0.03955051589741927,moderate
main_N20_T100_rho0.2_xsd1,20,100,0.2,1.0,FE,0.03211675082377553,0.008863602328246626,0.8724242424242423,0.040582657853711165,moderate
main_N20_T100_rho0.2_xsd1,20,100,0.2,1.0,HPJ,0.06250515170035256,0.006670262798593091,0.6184848484848483,0.08469587370255398,poor
main_N20_T100_rho0.2_xsd1,20,100,0.2,1.0,SPJ,0.032347386545967034,0.0018789054315683999,0.8781818181818182,0.04100324029156062,moderate
main_N20_T100_rho0.5_xsd0,20,100,0.5,0.0,CDOLS,0.04172960066602983,-0.033817219694622085,0.7899999999999999,0.05085575352688264,poor
main_N20_T100_rho0.5_xsd0,20,100,0.5,0.0,DB,0.02029167873679758,0.0013891705204642456,0.9203030303030301,0.025504774027549214,good
main_N20_T100_rho0.5_xsd0,20,100,0.5,0.0,FE,0.024120921209873726,0.015540549206682673,0.8712121212121212,0.03038470418103719,moderate
main_N20_T100_rho0.5_xsd0,20,100,0.5,0.0,HPJ,0.06003794744303904,0.01498371744362793,0.47060606060606064,0.07616293023781988,poor
main_N20_T100_rho0.5_xsd0,20,100,0.5,0.0,SPJ,0.021253789820938836,0.0015041355256443455,0.9236363636363635,0.02665227093265894,good
main_N20_T100_rho0.5_xsd1,20,100,0.5,1.0,CDOLS,0.039223308740029224,-0.016945864553760695,0.7503030303030301,0.049362796283072316,poor
main_N20_T100_rho0.5_xsd1,20,100,0.5,1.0,DB,0.033206437624773676,0.002856358758147573,0.8642424242424241,0.0418053830815236,moderate
main_N20_T100_rho0.5_xsd1,20,100,0.5,1.0,FE,0.03617317893530784,0.017018552029044735,0.8375757575757575,0.04527616036011937,poor
main_N20_T100_rho0.5_xsd1,20,100,0.5,1.0,HPJ,0.06256587570678902,0.014041062906064718,0.6324242424242423,0.08246792581152923,poor
main_N20_T100_rho0.5_xsd1,20,100,0.5,1.0,SPJ,0.03586855886224319,0.0035600650445318637,0.863939393939394,0.04538195217906946,moderate
main_N20_T100_rho0.8_xsd0,20,100,0.8,0.0,CDOLS,0.05603683078035657,-0.050473095596685356,0.6703030303030304,0.06752082525438131,poor
main_N20_T100_rho0.8_xsd0,20,100,0.8,0.0,DB,0.021397044203604585,0.0071152510769743995,0.8869696969696969,0.028016139133794263,moderate
main_N20_T100_rho0.8_xsd0,20,100,0.8,0.0,FE,0.03867973025556152,0.03624578560515308,0.6293939393939394,0.04810588676150229,poor
main_N20_T100_rho0.8_xsd0,20,100,0.8,0.0,HPJ,0.06677505836861655,0.03739634340108226,0.3969696969696969,0.08615795794924348,poor
main_N20_T100_rho0.8_xsd0,20,100,0.8,0.0,SPJ,0.02449351377727771,0.002616400819302709,0.8918181818181821,0.03179263293787229,moderate
main_N20_T100_rho0.8_xsd1,20,100,0.8,1.0,CDOLS,0.0484553054773711,-0.0274654594506197,0.6990909090909091,0.06108788097448403,poor
main_N20_T100_rho0.8_xsd1,20,100,0.8,1.0,DB,0.040087720624307606,0.011755531269753592,0.8303030303030302,0.052694451763296866,poor
main_N20_T100_rho0.8_xsd1,20,100,0.8,1.0,FE,0.052040552361333973,0.04080282454039039,0.7109090909090909,0.06700480387526224,poor
main_N20_T100_rho0.8_xsd1,20,100,0.8,1.0,HPJ,0.07064163152906619,0.03570180939934545,0.5881818181818183,0.09377567775580051,poor
main_N20_T100_rho0.8_xsd1,20,100,0.8,1.0,SPJ,0.0459951017010539,0.0073675536512623286,0.8281818181818182,0.06211173976138732,poor
main_N20_T100_rho0.95_xsd0,20,100,0.95,0.0,CDOLS,0.056840611892499365,-0.04958882249856316,0.7206060606060606,0.07026390063649907,poor
main_N20_T100_rho0.95_xsd0,20,100,0.95,0.0,DB,0.027694876268209635,0.022649526182713146,0.7345454545454545,0.03894018084841892,poor
main_N20_T100_rho0.95_xsd0,20,100,0.95,0.0,FE,0.06278982269040938,0.06209474544717812,0.2775757575757574,0.07705965113089715,poor
main_N20_T100_rho0.95_xsd0,20,100,0.95,0.0,HPJ,0.0798853021407993,0.06303166769218857,0.2775757575757576,0.10451341204561161,poor
main_N20_T100_rho0.95_xsd0,20,100,0.95,0.0,SPJ,0.02969974419196377,-0.0007380969065608633,0.8578787878787879,0.04158700110130454,moderate
main_N20_T100_rho0.95_xsd1,20,100,0.95,1.0,CDOLS,0.05631043115486916,-0.0306739900803251,0.68,0.0742012351902686,poor
main_N20_T100_rho0.95_xsd1,20,100,0.95,1.0,DB,0.045960630275268415,0.0323503797375723,0.7490909090909091,0.06370134855386166,poor
main_N20_T100_rho0.95_xsd1,20,100,0.95,1.0,FE,0.07572079727319361,0.07301495151353518,0.4727272727272726,0.09767230523221695,poor
main_N20_T100_rho0.95_xsd1,20,100,0.95,1.0,HPJ,0.08259931033426104,0.06371228977328237,0.4612121212121212,0.11308180444026875,poor
main_N20_T100_rho0.95_xsd1,20,100,0.95,1.0,SPJ,0.049476813356325054,0.00865032497833787,0.8393939393939394,0.07097117830107848,poor
main_N20_T20_rho0.2_xsd0,20,20,0.2,0.0,CDOLS,0.07183788418650687,-0.0248094258754119,0.9061904761904761,0.09051241958261727,moderate
main_N20_T20_rho0.2_xsd0,20,20,0.2,0.0,DB,0.05142659690142024,0.005647725105423414,0.9114285714285713,0.06502911663127972,moderate
main_N20_T20_rho0.2_xsd0,20,20,0.2,0.0,FE,0.06013991527113839,0.03649338655230027,0.8538095238095239,0.07607036740499933,moderate
main_N20_T20_rho0.2_xsd0,20,20,0.2,0.0,HPJ,0.14483961618140112,0.03126864342409692,0.4742857142857142,0.18298909986553324,poor
main_N20_T20_rho0.2_xsd0,20,20,0.2,0.0,SPJ,0.05931103224880436,0.019748017922535183,0.9023809523809524,0.07583859911840647,moderate
main_N20_T20_rho0.2_xsd1,20,20,0.2,1.0,CDOLS,0.0767182629537844,-0.010091992921875487,0.8185714285714286,0.0967764456464078,poor
main_N20_T20_rho0.2_xsd1,20,20,0.2,1.0,DB,0.06817690793770372,0.00715337313944065,0.8652380952380951,0.08720946503005797,moderate
main_N20_T20_rho0.2_xsd1,20,20,0.2,1.0,FE,0.07499690743138446,0.03807122908961001,0.8300000000000001,0.09525673095854177,poor
main_N20_T20_rho0.2_xsd1,20,20,0.2,1.0,HPJ,0.1440358225279363,0.0387649020056194,0.5657142857142856,0.18424125655588003,poor
main_N20_T20_rho0.2_xsd1,20,20,0.2,1.0,SPJ,0.07952520494032453,0.02141429556204247,0.8638095238095239,0.10346578605816019,moderate
main_N20_T20_rho0.5_xsd0,20,20,0.5,0.0,CDOLS,0.07505564766533605,-0.03156933176681055,0.9052380952380952,0.09453595531923999,moderate
main_N20_T20_rho0.5_xsd0,20,20,0.5,0.0,DB,0.0530625625037422,0.018382773464841518,0.8885714285714286,0.0673493711811746,moderate
main_N20_T20_rho0.5_xsd0,20,20,0.5,0.0,FE,0.08057393500878743,0.0687243461044453,0.7195238095238095,0.09921812065873692,poor
main_N20_T20_rho0.5_xsd0,20,20,0.5,0.0,HPJ,0.1494039092375414,0.0642536863605626,0.4428571428571428,0.18975743646590645,poor
main_N20_T20_rho0.5_xsd0,20,20,0.5,0.0,SPJ,0.07104217223267104,0.03476192719945133,0.8561904761904763,0.09191970904157672,moderate
main_N20_T20_rho0.5_xsd1,20,20,0.5,1.0,CDOLS,0.08039372702252912,-0.0128112695847894,0.8023809523809523,0.10150969362110106,poor
main_N20_T20_rho0.5_xsd1,20,20,0.5,1.0,DB,0.07353213839912365,0.0221934788017317,0.8295238095238096,0.0946979604671059,poor
main_N20_T20_rho0.5_xsd1,20,20,0.5,1.0,FE,0.09511093499162292,0.07238565072783132,0.7238095238095238,0.118963512148161,poor
main_N20_T20_rho0.5_xsd1,20,20,0.5,1.0,HPJ,0.15014373654911015,0.06990205328717057,0.519047619047619,0.18981517237864895,poor
main_N20_T20_rho0.5_xsd1,20,20,0.5,1.0,SPJ,0.09860263262630019,0.038857398400481524,0.8023809523809524,0.13042345824991405,poor
main_N20_T20_rho0.8_xsd0,20,20,0.8,0.0,CDOLS,0.0815107105973896,-0.04183045680407777,0.8923809523809523,0.10335825448970351,moderate
main_N20_T20_rho0.8_xsd0,20,20,0.8,0.0,DB,0.08280292500862307,0.07092091228077595,0.6676190476190476,0.10609493700831739,poor
main_N20_T20_rho0.8_xsd0,20,20,0.8,0.0,FE,0.15270548520998092,0.14760917508675322,0.32809523809523805,0.1804317030931684,poor
main_N20_T20_rho0.8_xsd0,20,20,0.8,0.0,HPJ,0.19007951551983066,0.14739927136331293,0.31476190476190474,0.24053959127684296,poor
main_N20_T20_rho0.8_xsd0,20,20,0.8,0.0,SPJ,0.10412451018852456,0.07268289899763591,0.7442857142857143,0.14130715313925793,poor
main_N20_T20_rho0.8_xsd1,20,20,0.8,1.0,CDOLS,0.09160515892298175,-0.01624199169915397,0.7814285714285715,0.11839034851939956,poor
main_N20_T20_rho0.8_xsd1,20,20,0.8,1.0,DB,0.1081241758343776,0.08332492798918946,0.6490476190476191,0.13968835162875554,poor
main_N20_T20_rho0.8_xsd1,20,20,0.8,1.0,FE,0.16683460884798804,0.1586687621597506,0.40714285714285714,0.20465895658700148,poor
main_N20_T20_rho0.8_xsd1,20,20,0.8,1.0,HPJ,0.18999744409967903,0.14666150035344877,0.38,0.2409556893853743,poor
main_N20_T20_rho0.8_xsd1,20,20,0.8,1.0,SPJ,0.14533939084092953,0.08610414382655476,0.6904761904761905,0.19710856468043847,poor
main_N20_T20_rho0.95_xsd0,20,20,0.95,0.0,CDOLS,0.08810661042114652,-0.04954525818674056,0.8914285714285715,0.11300858916841441,moderate
main_N20_T20_rho0.95_xsd0,20,20,0.95,0.0,DB,0.13911347737438137,0.13419736873159432,0.3871428571428571,0.17561999656645366,poor
main_N20_T20_rho0.95_xsd0,20,20,0.95,0.0,FE,0.21311746775901932,0.20909513286619705,0.19571428571428573,0.2547155600835392,poor
main_N20_T20_rho0.95_xsd0,20,20,0.95,0.0,HPJ,0.24177730902066638,0.21322323034468152,0.22476190476190475,0.3098342945011554,poor
main_N20_T20_rho0.95_xsd0,20,20,0.95,0.0,SPJ,0.12238878890051517,0.09571332367960116,0.7038095238095238,0.17310159831704983,poor
main_N20_T20_rho0.95_xsd1,20,20,0.95,1.0,CDOLS,0.10330872693737556,-0.018594022329834287,0.7666666666666666,0.1396684479035001,poor
main_N20_T20_rho0.95_xsd1,20,20,0.95,1.0,DB,0.17569891655190692,0.17073173591669374,0.4109523809523809,0.31029007263213104,poor
main_N20_T20_rho0.95_xsd1,20,20,0.95,1.0,FE,0.23601902652243292,0.23278687699876272,0.24857142857142858,0.2883586633707886,poor
main_N20_T20_rho0.95_xsd1,20,20,0.95,1.0,HPJ,0.245084933355418,0.21673156351346815,0.26095238095238094,0.3150063568538372,poor
main_N20_T20_rho0.95_xsd1,20,20,0.95,1.0,SPJ,0.16551420981209855,0.12459805501697356,0.6566666666666665,0.23320564596288929,poor
main_N20_T50_rho0.2_xsd0,20,50,0.2,0.0,CDOLS,0.04485270190423223,-0.023198712743756636,0.8939393939393938,0.05629671557900055,moderate
main_N20_T50_rho0.2_xsd0,20,50,0.2,0.0,DB,0.03127768476959368,0.0015328325153891184,0.9178787878787878,0.03886445579921622,good
main_N20_T50_rho0.2_xsd0,20,50,0.2,0.0,FE,0.03403893016724908,0.016453722781553385,0.889090909090909,0.04265687395635191,moderate
main_N20_T50_rho0.2_xsd0,20,50,0.2,0.0,HPJ,0.08908915900721393,0.01969713149598851,0.4778787878787879,0.11259057684131615,poor
main_N20_T50_rho0.2_xsd0,20,50,0.2,0.0,SPJ,0.032166228381215495,0.004519015532792455,0.9312121212121213,0.0400810313016922,good
main_N20_T50_rho0.2_xsd1,20,50,0.2,1.0,CDOLS,0.04942171032082796,-0.010144076794850047,0.7924242424242425,0.06235596046570503,poor
main_N20_T50_rho0.2_xsd1,20,50,0.2,1.0,DB,0.044620308070384966,0.0021960306050129545,0.8754545454545454,0.05650127033289772,moderate
main_N20_T50_rho0.2_xsd1,20,50,0.2,1.0,FE,0.04690314606666223,0.017291067854749518,0.8527272727272727,0.059362022754709115,moderate
main_N20_T50_rho0.2_xsd1,20,50,0.2,1.0,HPJ,0.08466627858842996,0.019900566117192944,0.6090909090909091,0.10995014644200139,poor
main_N20_T50_rho0.2_xsd1,20,50,0.2,1.0,SPJ,0.047831445982121384,0.0043883970852640454,0.8666666666666667,0.06072181486294337,moderate
main_N20_T50_rho0.5_xsd0,20,50,0.5,0.0,CDOLS,0.05000658020682795,-0.032860001074517024,0.8666666666666667,0.06266199930635889,moderate
main_N20_T50_rho0.5_xsd0,20,50,0.5,0.0,DB,0.03062552728365733,0.0048524226168197,0.9109090909090909,0.038186806738738276,good
main_N20_T50_rho0.5_xsd0,20,50,0.5,0.0,FE,0.04082674413068315,0.03156774433109873,0.8045454545454547,0.050701678871176666,poor
main_N20_T50_rho0.5_xsd0,20,50,0.5,0.0,HPJ,0.09057322149451655,0.03702592025680275,0.4533333333333333,0.1144919150331732,poor
main_N20_T50_rho0.5_xsd0,20,50,0.5,0.0,SPJ,0.03341269974499266,0.008042020483218474,0.9142424242424244,0.04186455745157651,good
main_N20_T50_rho0.5_xsd1,20,50,0.5,1.0,CDOLS,0.05351920147526503,-0.014689748523534218,0.7684848484848484,0.06737333151231766,poor
main_N20_T50_rho0.5_xsd1,20,50,0.5,1.0,DB,0.04784128258099725,0.006260189743420527,0.8527272727272728,0.060711968416448055,moderate
main_N20_T50_rho0.5_xsd1,20,50,0.5,1.0,FE,0.05508254227422595,0.033104740442352995,0.795151515151515,0.06941870346395597,poor
main_N20_T50_rho0.5_xsd1,20,50,0.5,1.0,HPJ,0.08741714885982323,0.036349961469815034,0.5918181818181818,0.11179595087011314,poor
main_N20_T50_rho0.5_xsd1,20,50,0.5,1.0,SPJ,0.05594245965585669,0.008182962973665282,0.8418181818181818,0.07184094948836789,poor
main_N20_T50_rho0.8_xsd0,20,50,0.8,0.0,CDOLS,0.06295035905337508,-0.05011927011471669,0.8124242424242424,0.07839020416535983,poor
main_N20_T50_rho0.8_xsd0,20,50,0.8,0.0,DB,0.03556642111853088,0.0217788100068235,0.8178787878787879,0.04582913763722544,poor
main_N20_T50_rho0.8_xsd0,20,50,0.8,0.0,FE,0.07649424812216804,0.07434124432769867,0.4115151515151515,0.09039891054148567,poor
main_N20_T50_rho0.8_xsd0,20,50,0.8,0.0,HPJ,0.11080952602056783,0.08198675982328064,0.3321212121212121,0.1401861867434765,poor
main_N20_T50_rho0.8_xsd0,20,50,0.8,0.0,SPJ,0.042333075625831294,0.01535125921264732,0.8593939393939393,0.054673206317226684,moderate
main_N20_T50_rho0.8_xsd1,20,50,0.8,1.0,CDOLS,0.06351790042596711,-0.02275409810707948,0.7287878787878787,0.08126431011355573,poor
main_N20_T50_rho0.8_xsd1,20,50,0.8,1.0,DB,0.06298060950456169,0.027871446719271983,0.7400000000000001,0.08028841299460994,poor
main_N20_T50_rho0.8_xsd1,20,50,0.8,1.0,FE,0.09011676871986116,0.08026146578004936,0.5412121212121211,0.11251764235992881,poor
main_N20_T50_rho0.8_xsd1,20,50,0.8,1.0,HPJ,0.11117530497899888,0.08310403595483971,0.4581818181818181,0.14034511248691486,poor
main_N20_T50_rho0.8_xsd1,20,50,0.8,1.0,SPJ,0.08091626632316853,0.020835617297588597,0.7339393939393939,0.1079626299315142,poor
main_N20_T50_rho0.95_xsd0,20,50,0.95,0.0,CDOLS,0.07225074560402071,-0.05860519216594868,0.8084848484848486,0.09169904987925157,poor
main_N20_T50_rho0.95_xsd0,20,50,0.95,0.0,DB,0.0632189916234454,0.060478334141443386,0.5366666666666666,0.08294143811902503,poor
main_N20_T50_rho0.95_xsd0,20,50,0.95,0.0,FE,0.12595296088136212,0.12489121405709626,0.18060606060606058,0.14994633730189252,poor
main_N20_T50_rho0.95_xsd0,20,50,0.95,0.0,HPJ,0.14627481738292378,0.1283278186243004,0.22939393939393937,0.18800871812264122,poor
main_N20_T50_rho0.95_xsd0,20,50,0.95,0.0,SPJ,0.05391604528788241,0.020725082572524683,0.827878787878788,0.0757409787356297,poor
main_N20_T50_rho0.95_xsd1,20,50,0.95,1.0,CDOLS,0.0764233846460904,-0.027664751119356824,0.7115151515151514,0.1028867858118445,poor
main_N20_T50_rho0.95_xsd1,20,50,0.95,1.0,DB,0.09015316175736333,0.08248455156794254,0.5436363636363636,0.11995655325659256,poor
main_N20_T50_rho0.95_xsd1,20,50,0.95,1.0,FE,0.14941419563590327,0.1478655649681999,0.28333333333333327,0.1838281284941833,poor
main_N20_T50_rho0.95_xsd1,20,50,0.95,1.0,HPJ,0.1627283248606243,0.15005111351845998,0.28878787878787876,0.20877559646081023,poor
main_N20_T50_rho0.95_xsd1,20,50,0.95,1.0,SPJ,0.10034009414206317,0.04963719568601834,0.6942424242424242,0.13701864526992075,poor
main_N50_T100_rho0.2_xsd0,50,100,0.2,0.0,CDOLS,0.027102625330546925,-0.0227693608223542,0.7984848484848485,0.03270210489610833,poor
main_N50_T100_rho0.2_xsd0,50,100,0.2,0.0,DB,0.01317681678026863,0.0003918201706224466,0.9378787878787879,0.016572925883213806,good
main_N50_T100_rho0.2_xsd0,50,100,0.2,0.0,FE,0.014687004918739472,0.008107551742824863,0.9057575757575758,0.018558532261752674,good
main_N50_T100_rho0.2_xsd0,50,100,0.2,0.0,HPJ,0.03766613752671072,0.007971897272455827,0.49484848484848487,0.04702303864276945,poor
main_N50_T100_rho0.2_xsd0,50,100,0.2,0.0,SPJ,0.013362777413114563,0.0010194023883420182,0.94,0.016895535925856617,good
main_N50_T100_rho0.2_xsd1,50,100,0.2,1.0,CDOLS,0.02998243555146912,-0.012864470652446853,0.6648484848484848,0.03772077266292542,poor
main_N50_T100_rho0.2_xsd1,50,100,0.2,1.0,DB,0.027230443737316735,-5.269172865383638e-05,0.8869696969696969,0.03448502644759168,moderate
main_N50_T100_rho0.2_xsd1,50,100,0.2,1.0,FE,0.027929056018087428,0.007705577594836244,0.8754545454545454,0.03533705538916835,moderate
main_N50_T100_rho0.2_xsd1,50,100,0.2,1.0,HPJ,0.04328919584681299,0.006258103643110317,0.7339393939393939,0.05710539972903375,poor
main_N50_T100_rho0.2_xsd1,50,100,0.2,1.0,SPJ,0.02849087676536038,0.00018927472504166718,0.8796969696969696,0.03626663888726897,moderate
main_N50_T100_rho0.5_xsd0,50,100,0.5,0.0,CDOLS,0.03538565046572226,-0.032418599596049376,0.6615151515151515,0.04152677159168851,poor
main_N50_T100_rho0.5_xsd0,50,100,0.5,0.0,DB,0.012793363216056137,0.0010227714521414,0.9287878787878789,0.01625319801449794,good
main_N50_T100_rho0.5_xsd0,50,100,0.5,0.0,FE,0.01842228816792526,0.015097481598043439,0.8024242424242426,0.022694841410592824,poor
main_N50_T100_rho0.5_xsd0,50,100,0.5,0.0,HPJ,0.03756701653906326,0.014732721920278963,0.4851515151515151,0.04765113291261441,poor
main_N50_T100_rho0.5_xsd0,50,100,0.5,0.0,SPJ,0.01343472098627319,0.0015153103999682456,0.9218181818181818,0.017196350425423633,good
main_N50_T100_rho0.5_xsd1,50,100,0.5,1.0,CDOLS,0.03399860479151204,-0.01835326434581601,0.6206060606060606,0.04263090954741764,poor
main_N50_T100_rho0.5_xsd1,50,100,0.5,1.0,DB,0.03047778786571408,0.0006607623625755911,0.8651515151515152,0.03892541232821184,moderate
main_N50_T100_rho0.5_xsd1,50,100,0.5,1.0,FE,0.032656720269443835,0.01478336073571231,0.8342424242424241,0.04161174731053219,poor
main_N50_T100_rho0.5_xsd1,50,100,0.5,1.0,HPJ,0.04620529177201454,0.012764477025761091,0.7078787878787879,0.05949225147548936,poor
main_N50_T100_rho0.5_xsd1,50,100,0.5,1.0,SPJ,0.03384173546177912,0.00027315651495733636,0.8551515151515151,0.04395988283749581,moderate
main_N50_T100_rho0.8_xsd0,50,100,0.8,0.0,CDOLS,0.05178654811289711,-0.049238635110852996,0.4433333333333333,0.06006172592443213,poor
main_N50_T100_rho0.8_xsd0,50,100,0.8,0.0,DB,0.014183638115523685,0.005055612225291445,0.8496969696969697,0.018269355156803318,poor
main_N50_T100_rho0.8_xsd0,50,100,0.8,0.0,FE,0.03507439419190282,0.03418052374623564,0.3736363636363636,0.04146922039274805,poor
main_N50_T100_rho0.8_xsd0,50,100,0.8,0.0,HPJ,0.045553876289748586,0.03265944865071393,0.36090909090909085,0.05886161942798703,poor
main_N50_T100_rho0.8_xsd0,50,100,0.8,0.0,SPJ,0.015878619581619083,0.0014860438429777636,0.8503030303030303,0.020870208387314428,moderate
main_N50_T100_rho0.8_xsd1,50,100,0.8,1.0,CDOLS,0.04426048076301654,-0.02860717430085429,0.5415151515151515,0.05584916195681252,poor
main_N50_T100_rho0.8_xsd1,50,100,0.8,1.0,DB,0.03866497390562365,0.006670994266830008,0.7760606060606059,0.051280765549520935,poor
main_N50_T100_rho0.8_xsd1,50,100,0.8,1.0,FE,0.04833951104060664,0.03583880542354256,0.6603030303030303,0.06278154648529152,poor
main_N50_T100_rho0.8_xsd1,50,100,0.8,1.0,HPJ,0.05735899511179041,0.03274021783793223,0.5745454545454546,0.07461974484913285,poor
main_N50_T100_rho0.8_xsd1,50,100,0.8,1.0,SPJ,0.04735845923203749,0.0005911225446331545,0.7506060606060605,0.06630469361148635,poor
main_N50_T100_rho0.95_xsd0,50,100,0.95,0.0,CDOLS,0.05227927743550726,-0.04901056051261799,0.5233333333333333,0.0630202321964801,poor
main_N50_T100_rho0.95_xsd0,50,100,0.95,0.0,DB,0.021311148053180337,0.01972305139785982,0.5939393939393939,0.02876311556796691,poor
main_N50_T100_rho0.95_xsd0,50,100,0.95,0.0,FE,0.059538770612116584,0.05916830345418585,0.13060606060606061,0.07065449585950218,poor
main_N50_T100_rho0.95_xsd0,50,100,0.95,0.0,HPJ,0.06071953985445236,0.05670288446840721,0.20696969696969691,0.07830872947229699,poor
main_N50_T100_rho0.95_xsd0,50,100,0.95,0.0,SPJ,0.018352259715485437,-0.0021409365534751155,0.8266666666666667,0.02487752452620595,poor
main_N50_T100_rho0.95_xsd1,50,100,0.95,1.0,CDOLS,0.05304649820370022,-0.03187598567833861,0.5306060606060607,0.07073979276321675,poor
main_N50_T100_rho0.95_xsd1,50,100,0.95,1.0,DB,0.04338177855096288,0.02752703785993825,0.6418181818181817,0.058795365120344986,poor
main_N50_T100_rho0.95_xsd1,50,100,0.95,1.0,FE,0.07152960979480123,0.06842420284661889,0.39030303030303026,0.09220290417123451,poor
main_N50_T100_rho0.95_xsd1,50,100,0.95,1.0,HPJ,0.07459441993101026,0.06602722659164419,0.4027272727272727,0.10121481386187087,poor
main_N50_T100_rho0.95_xsd1,50,100,0.95,1.0,SPJ,0.05021793137896553,0.005853371917387897,0.7333333333333333,0.07219038179823492,poor
main_N50_T20_rho0.2_xsd0,50,20,0.2,0.0,CDOLS,0.04784800765887089,-0.025406643200292785,0.9080952380952381,0.06002178116985512,good
main_N50_T20_rho0.2_xsd0,50,20,0.2,0.0,DB,0.03233374819102629,0.005279300439549614,0.9304761904761903,0.04100734917031804,good
main_N50_T20_rho0.2_xsd0,50,20,0.2,0.0,FE,0.04471136996286264,0.035718769397653505,0.8147619047619049,0.05586417318610557,poor
main_N50_T20_rho0.2_xsd0,50,20,0.2,0.0,HPJ,0.09177896521440439,0.03440886754715172,0.48285714285714293,0.11617799880837254,poor
main_N50_T20_rho0.2_xsd0,50,20,0.2,0.0,SPJ,0.03899433812176046,0.016924877551151313,0.9104761904761904,0.05024491502354075,good
main_N50_T20_rho0.2_xsd1,50,20,0.2,1.0,CDOLS,0.06186000757665363,-0.010458985410989928,0.730952380952381,0.07993890766901549,poor
main_N50_T20_rho0.2_xsd1,50,20,0.2,1.0,DB,0.05910068609272363,0.009808261895278527,0.7733333333333334,0.07652263238836424,poor
main_N50_T20_rho0.2_xsd1,50,20,0.2,1.0,FE,0.0679311610175639,0.0400627953936306,0.7180952380952382,0.08740394016054327,poor
main_N50_T20_rho0.2_xsd1,50,20,0.2,1.0,HPJ,0.10311000130794683,0.04175576301791743,0.5242857142857142,0.13271184425750474,poor
main_N50_T20_rho0.2_xsd1,50,20,0.2,1.0,SPJ,0.07031873798721969,0.024312204554663545,0.7638095238095237,0.09322981368446441,poor
main_N50_T20_rho0.5_xsd0,50,20,0.5,0.0,CDOLS,0.051991297776995675,-0.0328640154822871,0.890952380952381,0.06543193431991431,moderate
main_N50_T20_rho0.5_xsd0,50,20,0.5,0.0,DB,0.0347363296215855,0.018445840072802557,0.8842857142857142,0.0446497259115082,moderate
main_N50_T20_rho0.5_xsd0,50,20,0.5,0.0,FE,0.07198547109801448,0.06823384473573228,0.5357142857142857,0.08453110473447151,poor
main_N50_T20_rho0.5_xsd0,50,20,0.5,0.0,HPJ,0.10179511348429053,0.06501216335863035,0.4228571428571429,0.12839542477682903,poor
main_N50_T20_rho0.5_xsd0,50,20,0.5,0.0,SPJ,0.050854754453949914,0.031141964692713953,0.8366666666666667,0.067507403210963,poor
main_N50_T20_rho0.5_xsd1,50,20,0.5,1.0,CDOLS,0.06572286700584033,-0.013425871264523515,0.7152380952380952,0.08523955728790829,poor
main_N50_T20_rho0.5_xsd1,50,20,0.5,1.0,DB,0.06510880928886367,0.027340754950070413,0.7152380952380952,0.08461000470562369,poor
main_N50_T20_rho0.5_xsd1,50,20,0.5,1.0,FE,0.09094798280094954,0.07621458869060503,0.5580952380952381,0.11433127987882823,poor
main_N50_T20_rho0.5_xsd1,50,20,0.5,1.0,HPJ,0.11733929205340513,0.07922883363931692,0.44571428571428573,0.14991502823445083,poor
main_N50_T20_rho0.5_xsd1,50,20,0.5,1.0,SPJ,0.08879248058017643,0.0442329522454938,0.6895238095238094,0.1189014354848405,poor
main_N50_T20_rho0.8_xsd0,50,20,0.8,0.0,CDOLS,0.0602459560545758,-0.04410143808346886,0.8576190476190477,0.07656671459410075,moderate
main_N50_T20_rho0.8_xsd0,50,20,0.8,0.0,DB,0.07528817974760703,0.0709527092130575,0.499047619047619,0.09398826481280201,poor
main_N50_T20_rho0.8_xsd0,50,20,0.8,0.0,FE,0.14988761632822167,0.1472640650552545,0.19047619047619047,0.17340073309631293,poor
main_N50_T20_rho0.8_xsd0,50,20,0.8,0.0,HPJ,0.1577853430578975,0.14243070349527967,0.2323809523809524,0.19448327208634822,poor
main_N50_T20_rho0.8_xsd0,50,20,0.8,0.0,SPJ,0.08696418264963765,0.06961704382183512,0.6614285714285714,0.12091768259049142,poor
main_N50_T20_rho0.8_xsd1,50,20,0.8,1.0,CDOLS,0.0750554529665395,-0.015760552709751557,0.689047619047619,0.09969232901447277,poor
main_N50_T20_rho0.8_xsd1,50,20,0.8,1.0,DB,0.10566161260533355,0.09125758217486146,0.4614285714285714,0.13400422591245237,poor
main_N50_T20_rho0.8_xsd1,50,20,0.8,1.0,FE,0.1692220798311122,0.16501813026658455,0.2519047619047619,0.2035122581221308,poor
main_N50_T20_rho0.8_xsd1,50,20,0.8,1.0,HPJ,0.1839892386918621,0.17004103893432898,0.23619047619047615,0.22783044488582277,poor
main_N50_T20_rho0.8_xsd1,50,20,0.8,1.0,SPJ,0.13532188836112446,0.09522051262626095,0.5314285714285714,0.1808244352763681,poor
main_N50_T20_rho0.95_xsd0,50,20,0.95,0.0,CDOLS,0.06778231086402832,-0.0528209569618028,0.840952380952381,0.08764997281632586,poor
main_N50_T20_rho0.95_xsd0,50,20,0.95,0.0,DB,0.13452713222725615,0.13246526531400565,0.2552380952380952,0.16653300062089532,poor
main_N50_T20_rho0.95_xsd0,50,20,0.95,0.0,FE,0.2091030998310595,0.20711671047291932,0.13904761904761903,0.2474941002342118,poor
main_N50_T20_rho0.95_xsd0,50,20,0.95,0.0,HPJ,0.21198029778694932,0.20318895005496548,0.15809523809523804,0.2627963559273216,poor
main_N50_T20_rho0.95_xsd0,50,20,0.95,0.0,SPJ,0.10822810687724209,0.09466362080793791,0.6104761904761905,0.1538720501319654,poor
main_N50_T20_rho0.95_xsd1,50,20,0.95,1.0,CDOLS,0.0847528309934851,-0.01635701293447666,0.6819047619047619,0.11592827365082099,poor
main_N50_T20_rho0.95_xsd1,50,20,0.95,1.0,DB,0.16689482533955946,0.16430060030591515,0.2757142857142857,0.21254890266074103,poor
main_N50_T20_rho0.95_xsd1,50,20,0.95,1.0,FE,0.23833417332091308,0.2363813412417712,0.16238095238095232,0.2876176231919487,poor
main_N50_T20_rho0.95_xsd1,50,20,0.95,1.0,HPJ,0.25008193840082127,0.2410586503076019,0.13285714285714284,0.3093446919487701,poor
main_N50_T20_rho0.95_xsd1,50,20,0.95,1.0,SPJ,0.158745197696448,0.13153499607272495,0.5266666666666667,0.22486913408435594,poor
main_N50_T50_rho0.2_xsd0,50,50,0.2,0.0,CDOLS,0.03242931168030685,-0.023917049746687947,0.8727272727272727,0.040488311967942094,moderate
main_N50_T50_rho0.2_xsd0,50,50,0.2,0.0,DB,0.019894642657374163,0.0018358370571631456,0.9357575757575757,0.024981767407990973,good
main_N50_T50_rho0.2_xsd0,50,50,0.2,0.0,FE,0.024534502684899737,0.016810383283085394,0.8630303030303029,0.030646530226675132,moderate
main_N50_T50_rho0.2_xsd0,50,50,0.2,0.0,HPJ,0.055224156754875214,0.013525105594370744,0.49272727272727274,0.06957049615928287,poor
main_N50_T50_rho0.2_xsd0,50,50,0.2,0.0,SPJ,0.021004796536015717,0.0054508163590361635,0.9299999999999998,0.026465563653575098,good
main_N50_T50_rho0.2_xsd1,50,50,0.2,1.0,CDOLS,0.04167868645106953,-0.011286058144478745,0.6751515151515152,0.052677749074587686,poor
main_N50_T50_rho0.2_xsd1,50,50,0.2,1.0,DB,0.03892835670103357,0.0015845947769564,0.8827272727272727,0.04955533653779662,moderate
main_N50_T50_rho0.2_xsd1,50,50,0.2,1.0,FE,0.04124732625144654,0.016649970574334053,0.8606060606060606,0.052387558479466974,moderate
main_N50_T50_rho0.2_xsd1,50,50,0.2,1.0,HPJ,0.06229214268416809,0.017631121768856253,0.7196969696969698,0.08083612817389822,poor
main_N50_T50_rho0.2_xsd1,50,50,0.2,1.0,SPJ,0.041776650116562064,0.005498719902968108,0.8809090909090908,0.05319034348579236,moderate
main_N50_T50_rho0.5_xsd0,50,50,0.5,0.0,CDOLS,0.039433944264739805,-0.03364651021015582,0.8124242424242425,0.048338309037090896,poor
main_N50_T50_rho0.5_xsd0,50,50,0.5,0.0,DB,0.019868808126280536,0.005223573301339372,0.9099999999999998,0.025129514392280127,good
main_N50_T50_rho0.5_xsd0,50,50,0.5,0.0,FE,0.03508497496891663,0.03205647238993284,0.6584848484848485,0.04196730744898284,poor
main_N50_T50_rho0.5_xsd0,50,50,0.5,0.0,HPJ,0.056540063977110665,0.026877439193512185,0.46484848484848484,0.0714409147941203,poor
main_N50_T50_rho0.5_xsd0,50,50,0.5,0.0,SPJ,0.022952300287940063,0.009593005380577972,0.8999999999999999,0.02897955666792951,moderate
main_N50_T50_rho0.5_xsd1,50,50,0.5,1.0,CDOLS,0.04570202326942782,-0.016679469355414575,0.6445454545454546,0.05776251854983285,poor
main_N50_T50_rho0.5_xsd1,50,50,0.5,1.0,DB,0.04297815751901615,0.005400420298095154,0.8457575757575758,0.0550658893082455,poor
main_N50_T50_rho0.5_xsd1,50,50,0.5,1.0,FE,0.05060165308816396,0.03234224336679634,0.7703030303030304,0.06411209310298388,poor
main_N50_T50_rho0.5_xsd1,50,50,0.5,1.0,HPJ,0.06800087617173088,0.033567999948596376,0.6448484848484849,0.08669836276718783,poor
main_N50_T50_rho0.5_xsd1,50,50,0.5,1.0,SPJ,0.04940643304549055,0.010417196717412302,0.823030303030303,0.06431304629630122,poor
main_N50_T50_rho0.8_xsd0,50,50,0.8,0.0,CDOLS,0.05557202777774295,-0.05145263763194317,0.660909090909091,0.06677333999629928,poor
main_N50_T50_rho0.8_xsd0,50,50,0.8,0.0,DB,0.027914440492770035,0.022058085701319726,0.714848484848485,0.03571755873794216,poor
main_N50_T50_rho0.8_xsd0,50,50,0.8,0.0,FE,0.0759484849034192,0.07485063242843924,0.18696969696969698,0.08626980496151095,poor
main_N50_T50_rho0.8_xsd0,50,50,0.8,0.0,HPJ,0.08038339726219286,0.06845016962121488,0.27999999999999997,0.1006867897096118,poor
main_N50_T50_rho0.8_xsd0,50,50,0.8,0.0,SPJ,0.031201231464580603,0.01797731081062541,0.786060606060606,0.04181643026523747,poor
main_N50_T50_rho0.8_xsd1,50,50,0.8,1.0,CDOLS,0.05732801994482839,-0.027601490784127183,0.5909090909090908,0.07296144371169741,poor
main_N50_T50_rho0.8_xsd1,50,50,0.8,1.0,DB,0.05634454090684424,0.02744769405954417,0.683939393939394,0.07396197657756244,poor
main_N50_T50_rho0.8_xsd1,50,50,0.8,1.0,FE,0.08821250854355644,0.0799740267465043,0.4484848484848485,0.10897671523425968,poor
main_N50_T50_rho0.8_xsd1,50,50,0.8,1.0,HPJ,0.09561691523005895,0.08016876017532887,0.4318181818181818,0.12096770324172822,poor
main_N50_T50_rho0.8_xsd1,50,50,0.8,1.0,SPJ,0.0705714374354359,0.024429996705798793,0.6969696969696969,0.09651773301311886,poor
main_N50_T50_rho0.95_xsd0,50,50,0.95,0.0,CDOLS,0.06502592440606392,-0.06021856243076655,0.6281818181818182,0.08045863422307352,poor
main_N50_T50_rho0.95_xsd0,50,50,0.95,0.0,DB,0.06037106544273954,0.05943574739705766,0.29878787878787877,0.07536452349676154,poor
main_N50_T50_rho0.95_xsd0,50,50,0.95,0.0,FE,0.12462187056501346,0.12402112539950215,0.10333333333333332,0.14574524647348527,poor
main_N50_T50_rho0.95_xsd0,50,50,0.95,0.0,HPJ,0.12847343574839815,0.12409936393733108,0.1521212121212121,0.16159093285310455,poor
main_N50_T50_rho0.95_xsd0,50,50,0.95,0.0,SPJ,0.0398569103139001,0.020807965375542827,0.7545454545454546,0.0571223595248559,poor
main_N50_T50_rho0.95_xsd1,50,50,0.95,1.0,CDOLS,0.0708939803128521,-0.03533900211540102,0.5700000000000001,0.0956698642034415,poor
main_N50_T50_rho0.95_xsd1,50,50,0.95,1.0,DB,0.08778096371744606,0.0808374893542429,0.42151515151515145,0.1148656222281146,poor
main_N50_T50_rho0.95_xsd1,50,50,0.95,1.0,FE,0.14750721184698168,0.14600229889154684,0.20272727272727267,0.18018817690580513,poor
main_N50_T50_rho0.95_xsd1,50,50,0.95,1.0,HPJ,0.1453598285485245,0.14075741602778621,0.20606060606060603,0.18279326387836986,poor
main_N50_T50_rho0.95_xsd1,50,50,0.95,1.0,SPJ,0.08619158981979211,0.043367359163048215,0.6415151515151515,0.12112445223234868,poor
