est,h,bias,rmse,mae,coverage,rej_rate,n,cell,N,T,rho,sig_lam,het_rho,het_beta
CDOLS,0,0.0001133516851914,0.0358657593317412,0.0282090664319492,0.94,1.0,300,hetrho_N50_T30_rho0.5_xsd0,50,30,0.5,0.0,1,0
CDOLS,1,-0.0826063284718238,0.0926919929108582,0.0833251509398057,0.5366666666666666,1.0,300,hetrho_N50_T30_rho0.5_xsd0,50,30,0.5,0.0,1,0
CDOLS,2,-0.1114779158626168,0.1199242270829639,0.1115593733092582,0.34,1.0,300,hetrho_N50_T30_rho0.5_xsd0,50,30,0.5,0.0,1,0
CDOLS,3,-0.1226050775189267,0.1331101425827316,0.1227526788849223,0.3266666666666666,0.9966666666666668,300,hetrho_N50_T30_rho0.5_xsd0,50,30,0.5,0.0,1,0
CDOLS,4,-0.1286403343645857,0.1402262567583565,0.1292517044277417,0.35,0.99,300,hetrho_N50_T30_rho0.5_xsd0,50,30,0.5,0.0,1,0
CDOLS,5,-0.1328478264839885,0.1462505444628886,0.1338627178580201,0.3633333333333333,0.9733333333333334,300,hetrho_N50_T30_rho0.5_xsd0,50,30,0.5,0.0,1,0
CDOLS,6,-0.1330395261791817,0.1479412415066127,0.1335010632185474,0.42,0.9466666666666668,300,hetrho_N50_T30_rho0.5_xsd0,50,30,0.5,0.0,1,0
CDOLS,7,-0.1380665883422967,0.1538082267723834,0.1387358332799709,0.44,0.92,300,hetrho_N50_T30_rho0.5_xsd0,50,30,0.5,0.0,1,0
CDOLS,8,-0.1404260283345356,0.1571238746982326,0.1408645376920691,0.41,0.8566666666666667,300,hetrho_N50_T30_rho0.5_xsd0,50,30,0.5,0.0,1,0
CDOLS,9,-0.1386607493259669,0.158989382511395,0.1403804287868776,0.4833333333333333,0.81,300,hetrho_N50_T30_rho0.5_xsd0,50,30,0.5,0.0,1,0
CDOLS,10,-0.13879235274656,0.157930354955029,0.1406326560654956,0.4866666666666667,0.7966666666666666,300,hetrho_N50_T30_rho0.5_xsd0,50,30,0.5,0.0,1,0
DB,0,-0.0020487198496911,0.0199814475542139,0.0156112463330966,0.93,1.0,300,hetrho_N50_T30_rho0.5_xsd0,50,30,0.5,0.0,1,0
DB,1,-0.0756485078488126,0.0847275960494792,0.0760171985890852,0.2333333333333333,1.0,300,hetrho_N50_T30_rho0.5_xsd0,50,30,0.5,0.0,1,0
DB,2,-0.0782248090463203,0.0913380810221906,0.0793949775274266,0.3233333333333333,1.0,300,hetrho_N50_T30_rho0.5_xsd0,50,30,0.5,0.0,1,0
DB,3,-0.0647153010130426,0.0847571303826977,0.0695325367111307,0.46,0.9966666666666668,300,hetrho_N50_T30_rho0.5_xsd0,50,30,0.5,0.0,1,0
DB,4,-0.0470675429395153,0.0762967145199147,0.0590476547177337,0.6066666666666667,0.9633333333333334,300,hetrho_N50_T30_rho0.5_xsd0,50,30,0.5,0.0,1,0
DB,5,-0.0292106547452341,0.0679860333996915,0.0518873399110108,0.6933333333333334,0.84,300,hetrho_N50_T30_rho0.5_xsd0,50,30,0.5,0.0,1,0
DB,6,-0.013047280685655,0.0603568471513505,0.0464083741776261,0.7266666666666667,0.7033333333333334,300,hetrho_N50_T30_rho0.5_xsd0,50,30,0.5,0.0,1,0
DB,7,4.98149188348052e-05,0.0586154393133571,0.0461977041253539,0.73,0.5533333333333333,300,hetrho_N50_T30_rho0.5_xsd0,50,30,0.5,0.0,1,0
DB,8,0.013354432460924,0.0591898097841452,0.0475849996822504,0.7133333333333334,0.43,300,hetrho_N50_T30_rho0.5_xsd0,50,30,0.5,0.0,1,0
DB,9,0.0265706422705053,0.0606562929364363,0.0492181244781932,0.6766666666666666,0.3066666666666666,300,hetrho_N50_T30_rho0.5_xsd0,50,30,0.5,0.0,1,0
DB,10,0.0352925897073525,0.0630331053858519,0.0508175342602825,0.6566666666666666,0.2466666666666666,300,hetrho_N50_T30_rho0.5_xsd0,50,30,0.5,0.0,1,0
FE,0,-0.0020487198496911,0.0199814475542139,0.0156112463330966,0.93,1.0,300,hetrho_N50_T30_rho0.5_xsd0,50,30,0.5,0.0,1,0
FE,1,-0.0459758193754,0.0592279164506742,0.0494126996558646,0.55,1.0,300,hetrho_N50_T30_rho0.5_xsd0,50,30,0.5,0.0,1,0
FE,2,-0.0311306384562668,0.0546032270367508,0.0418105105912174,0.7,1.0,300,hetrho_N50_T30_rho0.5_xsd0,50,30,0.5,0.0,1,0
FE,3,-0.0074838352020511,0.0515277189389271,0.0400675954000527,0.74,0.9566666666666668,300,hetrho_N50_T30_rho0.5_xsd0,50,30,0.5,0.0,1,0
FE,4,0.0158327281189949,0.0573524652297655,0.0467016573680003,0.6666666666666666,0.7666666666666667,300,hetrho_N50_T30_rho0.5_xsd0,50,30,0.5,0.0,1,0
FE,5,0.0364870758677288,0.0666390585708739,0.0557716027048145,0.6166666666666667,0.5,300,hetrho_N50_T30_rho0.5_xsd0,50,30,0.5,0.0,1,0
FE,6,0.0534690627113674,0.0754335837093019,0.0647863064680687,0.5033333333333333,0.31,300,hetrho_N50_T30_rho0.5_xsd0,50,30,0.5,0.0,1,0
FE,7,0.0658789019732879,0.0848411896872168,0.0724746053069855,0.44,0.26,300,hetrho_N50_T30_rho0.5_xsd0,50,30,0.5,0.0,1,0
FE,8,0.0772017427284631,0.0938255294364855,0.0819988181489655,0.3466666666666667,0.2733333333333333,300,hetrho_N50_T30_rho0.5_xsd0,50,30,0.5,0.0,1,0
FE,9,0.0871767076413968,0.100843960844834,0.0901792345235484,0.3,0.31,300,hetrho_N50_T30_rho0.5_xsd0,50,30,0.5,0.0,1,0
FE,10,0.0912988551823486,0.1035486561139035,0.0933985798111199,0.2533333333333333,0.31,300,hetrho_N50_T30_rho0.5_xsd0,50,30,0.5,0.0,1,0
HPJ,0,-0.0036830008507681,0.0544029773473904,0.0429383026923038,0.5233333333333333,1.0,300,hetrho_N50_T30_rho0.5_xsd0,50,30,0.5,0.0,1,0
HPJ,1,-0.0507225551641105,0.1373418509337775,0.1037697857152177,0.31,1.0,300,hetrho_N50_T30_rho0.5_xsd0,50,30,0.5,0.0,1,0
HPJ,2,-0.0353307437843515,0.1632857016018923,0.1197480556361699,0.3033333333333333,0.9333333333333332,300,hetrho_N50_T30_rho0.5_xsd0,50,30,0.5,0.0,1,0
HPJ,3,-0.0166327241264417,0.1731045858439065,0.128116691526951,0.31,0.7833333333333333,300,hetrho_N50_T30_rho0.5_xsd0,50,30,0.5,0.0,1,0
HPJ,4,0.000524538429568,0.1674915710393772,0.1269686498433691,0.2833333333333333,0.7,300,hetrho_N50_T30_rho0.5_xsd0,50,30,0.5,0.0,1,0
HPJ,5,0.0207787801024051,0.159963325972776,0.125511477494083,0.26,0.6333333333333333,300,hetrho_N50_T30_rho0.5_xsd0,50,30,0.5,0.0,1,0
HPJ,6,0.0439565367893852,0.1601310070486016,0.1279488915165805,0.2466666666666666,0.63,300,hetrho_N50_T30_rho0.5_xsd0,50,30,0.5,0.0,1,0
HPJ,7,0.0506351214293279,0.1612145753089578,0.1281683199036214,0.2866666666666667,0.6233333333333333,300,hetrho_N50_T30_rho0.5_xsd0,50,30,0.5,0.0,1,0
HPJ,8,0.0647325371904764,0.1635176152296716,0.1316158186661646,0.29,0.6233333333333333,300,hetrho_N50_T30_rho0.5_xsd0,50,30,0.5,0.0,1,0
HPJ,9,0.0711719317281057,0.1660255755511581,0.1313365570655271,0.2933333333333333,0.64,300,hetrho_N50_T30_rho0.5_xsd0,50,30,0.5,0.0,1,0
HPJ,10,0.0832641097214555,0.1705475034741954,0.136566406214195,0.29,0.7,300,hetrho_N50_T30_rho0.5_xsd0,50,30,0.5,0.0,1,0
SPJ,0,-0.0018132793458754,0.0224086835958065,0.0175891551695528,0.9533333333333334,1.0,300,hetrho_N50_T30_rho0.5_xsd0,50,30,0.5,0.0,1,0
SPJ,1,-0.1178503611675245,0.1293841688982054,0.1181649858813675,0.1433333333333333,1.0,300,hetrho_N50_T30_rho0.5_xsd0,50,30,0.5,0.0,1,0
SPJ,2,-0.1294105832763158,0.1464366983846847,0.1298333637512705,0.1766666666666666,1.0,300,hetrho_N50_T30_rho0.5_xsd0,50,30,0.5,0.0,1,0
SPJ,3,-0.1167091005902917,0.1408651519961563,0.1190605863790826,0.3,0.9966666666666668,300,hetrho_N50_T30_rho0.5_xsd0,50,30,0.5,0.0,1,0
SPJ,4,-0.092773557189427,0.1259575173668083,0.1007194879338585,0.45,0.96,300,hetrho_N50_T30_rho0.5_xsd0,50,30,0.5,0.0,1,0
SPJ,5,-0.0640624780816327,0.1080890088709277,0.0848011455870381,0.5666666666666667,0.8133333333333334,300,hetrho_N50_T30_rho0.5_xsd0,50,30,0.5,0.0,1,0
SPJ,6,-0.0329628241135623,0.0909343772560146,0.0707477231279452,0.65,0.6233333333333333,300,hetrho_N50_T30_rho0.5_xsd0,50,30,0.5,0.0,1,0
SPJ,7,0.0004515446249958,0.0835198701170596,0.0660133046977483,0.71,0.4566666666666666,300,hetrho_N50_T30_rho0.5_xsd0,50,30,0.5,0.0,1,0
SPJ,8,0.0363840892892743,0.0889790015234968,0.0712501927693298,0.6833333333333333,0.31,300,hetrho_N50_T30_rho0.5_xsd0,50,30,0.5,0.0,1,0
SPJ,9,0.0738951621857022,0.1072181694088099,0.0900487760474359,0.52,0.3033333333333333,300,hetrho_N50_T30_rho0.5_xsd0,50,30,0.5,0.0,1,0
SPJ,10,0.1028930885501471,0.1276728124121801,0.1108804459261081,0.39,0.3933333333333333,300,hetrho_N50_T30_rho0.5_xsd0,50,30,0.5,0.0,1,0
CDOLS,0,0.0021289801462579,0.0203588552285196,0.0162236034238129,0.9433333333333334,1.0,300,hetrho_N200_T100_rho0.8_xsd1,200,100,0.8,1.0,1,0
CDOLS,1,-0.0706161595632593,0.078052898525234,0.0714502828396857,0.11,1.0,300,hetrho_N200_T100_rho0.8_xsd1,200,100,0.8,1.0,1,0
CDOLS,2,-0.1039168825705968,0.1094244484562069,0.1039168825705968,0.0166666666666666,1.0,300,hetrho_N200_T100_rho0.8_xsd1,200,100,0.8,1.0,1,0
CDOLS,3,-0.1201551692933328,0.1253231260300531,0.1201551692933328,0.0,1.0,300,hetrho_N200_T100_rho0.8_xsd1,200,100,0.8,1.0,1,0
CDOLS,4,-0.13168810553008,0.1367934325248824,0.13168810553008,0.0,1.0,300,hetrho_N200_T100_rho0.8_xsd1,200,100,0.8,1.0,1,0
CDOLS,5,-0.1401497726894061,0.1452964446303978,0.1401497726894061,0.0,1.0,300,hetrho_N200_T100_rho0.8_xsd1,200,100,0.8,1.0,1,0
CDOLS,6,-0.1471970713285376,0.1523927767262094,0.1471970713285376,0.0,1.0,300,hetrho_N200_T100_rho0.8_xsd1,200,100,0.8,1.0,1,0
CDOLS,7,-0.1524971767512655,0.1577403353914254,0.1524971767512655,0.0,1.0,300,hetrho_N200_T100_rho0.8_xsd1,200,100,0.8,1.0,1,0
CDOLS,8,-0.1579339971024691,0.1635499019840591,0.1579339971024691,0.0,1.0,300,hetrho_N200_T100_rho0.8_xsd1,200,100,0.8,1.0,1,0
CDOLS,9,-0.1590217182231695,0.1649960095392016,0.1590217182231695,0.0,1.0,300,hetrho_N200_T100_rho0.8_xsd1,200,100,0.8,1.0,1,0
CDOLS,10,-0.165506916605237,0.1714132022568594,0.165506916605237,0.0,1.0,300,hetrho_N200_T100_rho0.8_xsd1,200,100,0.8,1.0,1,0
DB,0,1.3174266259335192e-05,0.0026728163765938,0.002064480803451,0.84,1.0,300,hetrho_N200_T100_rho0.8_xsd1,200,100,0.8,1.0,1,0
DB,1,-0.1511291489434396,0.1518205078333894,0.1511291489434396,0.0,1.0,300,hetrho_N200_T100_rho0.8_xsd1,200,100,0.8,1.0,1,0
DB,2,-0.1942449053696003,0.1952426093482133,0.1942449053696003,0.0,1.0,300,hetrho_N200_T100_rho0.8_xsd1,200,100,0.8,1.0,1,0
DB,3,-0.2102956182866089,0.211665150648449,0.2102956182866089,0.0,1.0,300,hetrho_N200_T100_rho0.8_xsd1,200,100,0.8,1.0,1,0
DB,4,-0.2159860164140683,0.2178107847439053,0.2159860164140683,0.0,1.0,300,hetrho_N200_T100_rho0.8_xsd1,200,100,0.8,1.0,1,0
DB,5,-0.2165322756119213,0.2188749424951939,0.2165322756119213,0.0,1.0,300,hetrho_N200_T100_rho0.8_xsd1,200,100,0.8,1.0,1,0
DB,6,-0.2141774107245975,0.2170958498380586,0.2141774107245975,0.0,1.0,300,hetrho_N200_T100_rho0.8_xsd1,200,100,0.8,1.0,1,0
DB,7,-0.20979094934721,0.2134648942555182,0.20979094934721,0.0,1.0,300,hetrho_N200_T100_rho0.8_xsd1,200,100,0.8,1.0,1,0
DB,8,-0.204135697275531,0.2085611746105164,0.204135697275531,0.0,1.0,300,hetrho_N200_T100_rho0.8_xsd1,200,100,0.8,1.0,1,0
DB,9,-0.1976300670935406,0.2028165116086635,0.1976300670935406,0.0,1.0,300,hetrho_N200_T100_rho0.8_xsd1,200,100,0.8,1.0,1,0
DB,10,-0.1909376804520484,0.1970893863134649,0.1909376804520484,0.0,1.0,300,hetrho_N200_T100_rho0.8_xsd1,200,100,0.8,1.0,1,0
FE,0,1.3174266259335192e-05,0.0026728163765938,0.002064480803451,0.84,1.0,300,hetrho_N200_T100_rho0.8_xsd1,200,100,0.8,1.0,1,0
FE,1,-0.1413965823943145,0.1421273014777433,0.1413965823943145,0.0,1.0,300,hetrho_N200_T100_rho0.8_xsd1,200,100,0.8,1.0,1,0
FE,2,-0.1755350161661045,0.1766119854345807,0.1755350161661045,0.0,1.0,300,hetrho_N200_T100_rho0.8_xsd1,200,100,0.8,1.0,1,0
FE,3,-0.1833081103257245,0.1848190332232205,0.1833081103257245,0.0,1.0,300,hetrho_N200_T100_rho0.8_xsd1,200,100,0.8,1.0,1,0
FE,4,-0.1813699633441249,0.1834292043309308,0.1813699633441249,0.0,1.0,300,hetrho_N200_T100_rho0.8_xsd1,200,100,0.8,1.0,1,0
FE,5,-0.1748906211366295,0.1775993632047182,0.1748906211366295,0.0,1.0,300,hetrho_N200_T100_rho0.8_xsd1,200,100,0.8,1.0,1,0
FE,6,-0.1660710979533946,0.1695439941687586,0.1660710979533946,0.0,1.0,300,hetrho_N200_T100_rho0.8_xsd1,200,100,0.8,1.0,1,0
FE,7,-0.1557427142052445,0.1602529417638707,0.1557427142052445,0.0,1.0,300,hetrho_N200_T100_rho0.8_xsd1,200,100,0.8,1.0,1,0
FE,8,-0.144633557855334,0.1502523476968956,0.144633557855334,0.0,1.0,300,hetrho_N200_T100_rho0.8_xsd1,200,100,0.8,1.0,1,0
FE,9,-0.1331305380130336,0.139962488586395,0.1331305380130336,0.0066666666666666,1.0,300,hetrho_N200_T100_rho0.8_xsd1,200,100,0.8,1.0,1,0
FE,10,-0.1218687387505967,0.1303069014495632,0.1218687387505967,0.02,1.0,300,hetrho_N200_T100_rho0.8_xsd1,200,100,0.8,1.0,1,0
HPJ,0,-8.614694293446523e-05,0.0083370176249689,0.0067004516602179,0.3433333333333333,1.0,300,hetrho_N200_T100_rho0.8_xsd1,200,100,0.8,1.0,1,0
HPJ,1,-0.1420848237429696,0.1436580347891566,0.1420848237429696,0.0,1.0,300,hetrho_N200_T100_rho0.8_xsd1,200,100,0.8,1.0,1,0
HPJ,2,-0.1765337391693447,0.1789159016200513,0.1765337391693447,0.0,1.0,300,hetrho_N200_T100_rho0.8_xsd1,200,100,0.8,1.0,1,0
HPJ,3,-0.1845672964256672,0.1879835183539588,0.1845672964256672,0.0,1.0,300,hetrho_N200_T100_rho0.8_xsd1,200,100,0.8,1.0,1,0
HPJ,4,-0.1832057386396737,0.1878018549085746,0.1832057386396737,0.0,1.0,300,hetrho_N200_T100_rho0.8_xsd1,200,100,0.8,1.0,1,0
HPJ,5,-0.1774520795316567,0.1834730088104032,0.1774520795316567,0.0,1.0,300,hetrho_N200_T100_rho0.8_xsd1,200,100,0.8,1.0,1,0
HPJ,6,-0.1691691307810296,0.1767381951600467,0.1691691307810296,0.0,1.0,300,hetrho_N200_T100_rho0.8_xsd1,200,100,0.8,1.0,1,0
HPJ,7,-0.1589226569590054,0.1686405711652542,0.1589226569590054,0.0,1.0,300,hetrho_N200_T100_rho0.8_xsd1,200,100,0.8,1.0,1,0
HPJ,8,-0.1484772046445796,0.1603649608228951,0.1484969342680922,0.02,1.0,300,hetrho_N200_T100_rho0.8_xsd1,200,100,0.8,1.0,1,0
HPJ,9,-0.1372304941031129,0.1515713415647811,0.1376841567360007,0.0366666666666666,1.0,300,hetrho_N200_T100_rho0.8_xsd1,200,100,0.8,1.0,1,0
HPJ,10,-0.1263232699085761,0.1434405007050216,0.1275523175553877,0.0633333333333333,1.0,300,hetrho_N200_T100_rho0.8_xsd1,200,100,0.8,1.0,1,0
SPJ,0,-0.000125530019317,0.0028515681509127,0.0022154182984808,0.96,1.0,300,hetrho_N200_T100_rho0.8_xsd1,200,100,0.8,1.0,1,0
SPJ,1,-0.182544752222449,0.1835086311489364,0.182544752222449,0.0,1.0,300,hetrho_N200_T100_rho0.8_xsd1,200,100,0.8,1.0,1,0
SPJ,2,-0.2400912470367137,0.241603489480234,0.2400912470367137,0.0,1.0,300,hetrho_N200_T100_rho0.8_xsd1,200,100,0.8,1.0,1,0
SPJ,3,-0.2659888285858243,0.268105133430365,0.2659888285858243,0.0,1.0,300,hetrho_N200_T100_rho0.8_xsd1,200,100,0.8,1.0,1,0
SPJ,4,-0.2786096711224304,0.2813833724328741,0.2786096711224304,0.0,1.0,300,hetrho_N200_T100_rho0.8_xsd1,200,100,0.8,1.0,1,0
SPJ,5,-0.2846454367959704,0.288109734433429,0.2846454367959704,0.0,1.0,300,hetrho_N200_T100_rho0.8_xsd1,200,100,0.8,1.0,1,0
SPJ,6,-0.2866894221406945,0.2909693519192546,0.2866894221406945,0.0,1.0,300,hetrho_N200_T100_rho0.8_xsd1,200,100,0.8,1.0,1,0
SPJ,7,-0.285698370671166,0.2908428439045279,0.285698370671166,0.0,1.0,300,hetrho_N200_T100_rho0.8_xsd1,200,100,0.8,1.0,1,0
SPJ,8,-0.2827215697115592,0.2889172958646157,0.2827215697115592,0.0,1.0,300,hetrho_N200_T100_rho0.8_xsd1,200,100,0.8,1.0,1,0
SPJ,9,-0.2782871460054707,0.2856018967959411,0.2782871460054707,0.0,1.0,300,hetrho_N200_T100_rho0.8_xsd1,200,100,0.8,1.0,1,0
SPJ,10,-0.2725912182948959,0.2811665429234886,0.2725912182948959,0.0,1.0,300,hetrho_N200_T100_rho0.8_xsd1,200,100,0.8,1.0,1,0
CDOLS,0,0.0041083776324733,0.0383646323637108,0.0298256918288367,0.9866666666666668,1.0,300,hetbeta_N50_T30_rho0.5_xsd0,50,30,0.5,0.0,0,1
CDOLS,1,-0.0168622447675282,0.043870490823857,0.035134999568781,0.9566666666666668,1.0,300,hetbeta_N50_T30_rho0.5_xsd0,50,30,0.5,0.0,0,1
CDOLS,2,-0.0280743784659621,0.0497090796476754,0.0400728812268997,0.8966666666666666,0.9866666666666668,300,hetbeta_N50_T30_rho0.5_xsd0,50,30,0.5,0.0,0,1
CDOLS,3,-0.0354362631138982,0.0563734511275108,0.0463490792823437,0.8766666666666667,0.7233333333333334,300,hetbeta_N50_T30_rho0.5_xsd0,50,30,0.5,0.0,0,1
CDOLS,4,-0.0348091055169213,0.0565811935385206,0.0461148827951204,0.8566666666666667,0.3833333333333333,300,hetbeta_N50_T30_rho0.5_xsd0,50,30,0.5,0.0,0,1
CDOLS,5,-0.037548768235194,0.0573112709929303,0.0462826129819261,0.86,0.2433333333333333,300,hetbeta_N50_T30_rho0.5_xsd0,50,30,0.5,0.0,0,1
CDOLS,6,-0.0353691329770717,0.0581438305312922,0.0469072023016811,0.87,0.1633333333333333,300,hetbeta_N50_T30_rho0.5_xsd0,50,30,0.5,0.0,0,1
CDOLS,7,-0.0403310051265792,0.0630379850471087,0.0508374989821644,0.8566666666666667,0.16,300,hetbeta_N50_T30_rho0.5_xsd0,50,30,0.5,0.0,0,1
CDOLS,8,-0.039110358586803,0.0612215086952751,0.05038296590125,0.9,0.1033333333333333,300,hetbeta_N50_T30_rho0.5_xsd0,50,30,0.5,0.0,0,1
CDOLS,9,-0.0391443397931143,0.0666851320571545,0.0547192376215258,0.8733333333333333,0.1266666666666666,300,hetbeta_N50_T30_rho0.5_xsd0,50,30,0.5,0.0,0,1
CDOLS,10,-0.0381117805239248,0.0662026395865927,0.0543210211932538,0.8533333333333334,0.15,300,hetbeta_N50_T30_rho0.5_xsd0,50,30,0.5,0.0,0,1
DB,0,0.0026904924941259,0.0286787754126062,0.0229058786889592,0.9133333333333332,1.0,300,hetbeta_N50_T30_rho0.5_xsd0,50,30,0.5,0.0,0,1
DB,1,0.0055442043498043,0.0304088364495272,0.0237606646123367,0.9233333333333332,1.0,300,hetbeta_N50_T30_rho0.5_xsd0,50,30,0.5,0.0,0,1
DB,2,0.0081293467658115,0.0332554788805871,0.0259688786093388,0.8966666666666666,0.99,300,hetbeta_N50_T30_rho0.5_xsd0,50,30,0.5,0.0,0,1
DB,3,0.0095564494315357,0.0359028882555964,0.0291232349591746,0.9,0.5766666666666667,300,hetbeta_N50_T30_rho0.5_xsd0,50,30,0.5,0.0,0,1
DB,4,0.0133391596764266,0.0370777937257721,0.0299076235719215,0.91,0.1566666666666666,300,hetbeta_N50_T30_rho0.5_xsd0,50,30,0.5,0.0,0,1
DB,5,0.0138500454314235,0.0351169719172447,0.0280139448713238,0.9166666666666666,0.05,300,hetbeta_N50_T30_rho0.5_xsd0,50,30,0.5,0.0,0,1
DB,6,0.0148794851547053,0.0371121515462221,0.029645817445488,0.9033333333333332,0.08,300,hetbeta_N50_T30_rho0.5_xsd0,50,30,0.5,0.0,0,1
DB,7,0.0118413193771613,0.0366275513349653,0.0293054213907759,0.93,0.0533333333333333,300,hetbeta_N50_T30_rho0.5_xsd0,50,30,0.5,0.0,0,1
DB,8,0.0132102940442515,0.0384585381022919,0.0311785197952859,0.9,0.0966666666666666,300,hetbeta_N50_T30_rho0.5_xsd0,50,30,0.5,0.0,0,1
DB,9,0.0144555834991203,0.0415940231514607,0.0336310173513698,0.9033333333333332,0.0933333333333333,300,hetbeta_N50_T30_rho0.5_xsd0,50,30,0.5,0.0,0,1
DB,10,0.0139667736423607,0.0469891103952487,0.0373647032803521,0.8533333333333334,0.1466666666666666,300,hetbeta_N50_T30_rho0.5_xsd0,50,30,0.5,0.0,0,1
FE,0,0.0026904924941259,0.0286787754126062,0.0229058786889592,0.9133333333333332,1.0,300,hetbeta_N50_T30_rho0.5_xsd0,50,30,0.5,0.0,0,1
FE,1,0.0336902175880521,0.044476762327739,0.0366990643761634,0.78,1.0,300,hetbeta_N50_T30_rho0.5_xsd0,50,30,0.5,0.0,0,1
FE,2,0.0490809850238172,0.0582722121248438,0.0507456906932127,0.66,0.9066666666666666,300,hetbeta_N50_T30_rho0.5_xsd0,50,30,0.5,0.0,0,1
FE,3,0.0561525719512741,0.0656729615597379,0.0576330315109009,0.53,0.1233333333333333,300,hetbeta_N50_T30_rho0.5_xsd0,50,30,0.5,0.0,0,1
FE,4,0.0621415129414455,0.071004247150335,0.0631503346341662,0.4633333333333333,0.1466666666666666,300,hetbeta_N50_T30_rho0.5_xsd0,50,30,0.5,0.0,0,1
FE,5,0.06310199640497,0.0708702956240905,0.0639586074933351,0.49,0.31,300,hetbeta_N50_T30_rho0.5_xsd0,50,30,0.5,0.0,0,1
FE,6,0.0635624314715203,0.07224496811444,0.0646569479602229,0.4766666666666667,0.4,300,hetbeta_N50_T30_rho0.5_xsd0,50,30,0.5,0.0,0,1
FE,7,0.0592303600324054,0.0689854835111665,0.0608372645056075,0.56,0.39,300,hetbeta_N50_T30_rho0.5_xsd0,50,30,0.5,0.0,0,1
FE,8,0.0586557579044286,0.0692875415682549,0.0602308793302519,0.55,0.42,300,hetbeta_N50_T30_rho0.5_xsd0,50,30,0.5,0.0,0,1
FE,9,0.0572642463097477,0.0696373851220461,0.0594476542464798,0.56,0.4266666666666667,300,hetbeta_N50_T30_rho0.5_xsd0,50,30,0.5,0.0,0,1
FE,10,0.0533231885310593,0.0700434519465514,0.0592618506548975,0.6333333333333333,0.36,300,hetbeta_N50_T30_rho0.5_xsd0,50,30,0.5,0.0,0,1
HPJ,0,0.0052822445447707,0.1343033654256242,0.1061619911143052,0.2833333333333333,1.0,300,hetbeta_N50_T30_rho0.5_xsd0,50,30,0.5,0.0,0,1
HPJ,1,0.0377708439184414,0.1056699799094079,0.0849058793644467,0.4,0.9833333333333332,300,hetbeta_N50_T30_rho0.5_xsd0,50,30,0.5,0.0,0,1
HPJ,2,0.0558115326649576,0.1022156757369162,0.083298549346348,0.4,0.69,300,hetbeta_N50_T30_rho0.5_xsd0,50,30,0.5,0.0,0,1
HPJ,3,0.0626034894948597,0.1099774678344529,0.0903659888125767,0.3733333333333333,0.4966666666666666,300,hetbeta_N50_T30_rho0.5_xsd0,50,30,0.5,0.0,0,1
HPJ,4,0.0600712149164776,0.1141384867710746,0.0900823699390272,0.4233333333333333,0.5466666666666666,300,hetbeta_N50_T30_rho0.5_xsd0,50,30,0.5,0.0,0,1
HPJ,5,0.0665078707380321,0.1205075794966736,0.0951604791594262,0.4266666666666667,0.54,300,hetbeta_N50_T30_rho0.5_xsd0,50,30,0.5,0.0,0,1
HPJ,6,0.0731801962782198,0.1313292748472362,0.1039715680384191,0.3966666666666666,0.6066666666666667,300,hetbeta_N50_T30_rho0.5_xsd0,50,30,0.5,0.0,0,1
HPJ,7,0.0630349404308539,0.115393271254379,0.0917803583919461,0.39,0.6,300,hetbeta_N50_T30_rho0.5_xsd0,50,30,0.5,0.0,0,1
HPJ,8,0.0620732467036273,0.1190435290237588,0.0968557137577017,0.3966666666666666,0.5933333333333334,300,hetbeta_N50_T30_rho0.5_xsd0,50,30,0.5,0.0,0,1
HPJ,9,0.0498377912667616,0.1204003517409747,0.0953854207089758,0.4366666666666666,0.5666666666666667,300,hetbeta_N50_T30_rho0.5_xsd0,50,30,0.5,0.0,0,1
HPJ,10,0.0468520432070074,0.1203400685015548,0.096400094834436,0.42,0.58,300,hetbeta_N50_T30_rho0.5_xsd0,50,30,0.5,0.0,0,1
SPJ,0,0.0036959564028382,0.0300598243779315,0.0243142982711625,0.93,1.0,300,hetbeta_N50_T30_rho0.5_xsd0,50,30,0.5,0.0,0,1
SPJ,1,0.000199678192491,0.0312761982004964,0.0246158149177149,0.9566666666666668,1.0,300,hetbeta_N50_T30_rho0.5_xsd0,50,30,0.5,0.0,0,1
SPJ,2,0.0009286818508997,0.035452263373198,0.0280983579128519,0.93,0.99,300,hetbeta_N50_T30_rho0.5_xsd0,50,30,0.5,0.0,0,1
SPJ,3,0.0040363409423128,0.0385768255299843,0.0313069167446724,0.9266666666666666,0.5333333333333333,300,hetbeta_N50_T30_rho0.5_xsd0,50,30,0.5,0.0,0,1
SPJ,4,0.0131304285865229,0.04155993222797,0.0335849430882585,0.9066666666666666,0.12,300,hetbeta_N50_T30_rho0.5_xsd0,50,30,0.5,0.0,0,1
SPJ,5,0.0210135779643353,0.0423456530492541,0.0339457022454749,0.8933333333333333,0.0433333333333333,300,hetbeta_N50_T30_rho0.5_xsd0,50,30,0.5,0.0,0,1
SPJ,6,0.0315439708142754,0.0494685631625363,0.0397949275864372,0.8766666666666667,0.1033333333333333,300,hetbeta_N50_T30_rho0.5_xsd0,50,30,0.5,0.0,0,1
SPJ,7,0.0423622773102742,0.0571627716436994,0.0476860071208234,0.8266666666666667,0.1333333333333333,300,hetbeta_N50_T30_rho0.5_xsd0,50,30,0.5,0.0,0,1
SPJ,8,0.0585116345083362,0.0717728107528227,0.0609233935327532,0.71,0.2733333333333333,300,hetbeta_N50_T30_rho0.5_xsd0,50,30,0.5,0.0,0,1
SPJ,9,0.0768170636551542,0.0889304462653698,0.0777631634990218,0.5133333333333333,0.4733333333333333,300,hetbeta_N50_T30_rho0.5_xsd0,50,30,0.5,0.0,0,1
SPJ,10,0.0898174253571711,0.1034328435627777,0.0913605749812471,0.4233333333333333,0.55,300,hetbeta_N50_T30_rho0.5_xsd0,50,30,0.5,0.0,0,1
CDOLS,0,-0.0002123982297877,0.0365065003813694,0.0286579644669607,0.9833333333333332,1.0,300,hetbeta_N100_T50_rho0.8_xsd1,100,50,0.8,1.0,0,1
CDOLS,1,-0.0094153275463486,0.0497579148028286,0.0386446027382843,0.84,1.0,300,hetbeta_N100_T50_rho0.8_xsd1,100,50,0.8,1.0,0,1
CDOLS,2,-0.018159455182692,0.0598594485395873,0.0467356043629974,0.71,1.0,300,hetbeta_N100_T50_rho0.8_xsd1,100,50,0.8,1.0,0,1
CDOLS,3,-0.0296369331776386,0.0676586301938124,0.0533880536342399,0.5933333333333334,1.0,300,hetbeta_N100_T50_rho0.8_xsd1,100,50,0.8,1.0,0,1
CDOLS,4,-0.0299207104513117,0.0713393073771016,0.0538264817688204,0.5866666666666667,1.0,300,hetbeta_N100_T50_rho0.8_xsd1,100,50,0.8,1.0,0,1
CDOLS,5,-0.0353467954839345,0.0738554656392828,0.0574559543984526,0.5133333333333333,0.9933333333333332,300,hetbeta_N100_T50_rho0.8_xsd1,100,50,0.8,1.0,0,1
CDOLS,6,-0.0383158399493251,0.077386472014539,0.061330800722643,0.48,0.99,300,hetbeta_N100_T50_rho0.8_xsd1,100,50,0.8,1.0,0,1
CDOLS,7,-0.0396840174028687,0.0795464512361461,0.0630239247830492,0.45,0.96,300,hetbeta_N100_T50_rho0.8_xsd1,100,50,0.8,1.0,0,1
CDOLS,8,-0.0356322638363671,0.0753561363278872,0.0587613803107502,0.4866666666666667,0.9066666666666666,300,hetbeta_N100_T50_rho0.8_xsd1,100,50,0.8,1.0,0,1
CDOLS,9,-0.0374832939218742,0.0818618403454429,0.0628411952762034,0.4833333333333333,0.8466666666666667,300,hetbeta_N100_T50_rho0.8_xsd1,100,50,0.8,1.0,0,1
CDOLS,10,-0.0401748801943,0.0789120260777179,0.0618261540263651,0.4633333333333333,0.8133333333333334,300,hetbeta_N100_T50_rho0.8_xsd1,100,50,0.8,1.0,0,1
DB,0,-0.0006028096982085,0.0255669788144561,0.0206125919634934,0.5766666666666667,1.0,300,hetbeta_N100_T50_rho0.8_xsd1,100,50,0.8,1.0,0,1
DB,1,0.006864536675928,0.0359580583710945,0.0286658745653412,0.7433333333333333,1.0,300,hetbeta_N100_T50_rho0.8_xsd1,100,50,0.8,1.0,0,1
DB,2,0.0122822841581808,0.0522792749130572,0.0420085924835373,0.65,1.0,300,hetbeta_N100_T50_rho0.8_xsd1,100,50,0.8,1.0,0,1
DB,3,0.0170119703586061,0.0655861349003184,0.053127660713612,0.56,1.0,300,hetbeta_N100_T50_rho0.8_xsd1,100,50,0.8,1.0,0,1
DB,4,0.0232097709863373,0.0754367293083552,0.0606585035693076,0.5133333333333333,0.9933333333333332,300,hetbeta_N100_T50_rho0.8_xsd1,100,50,0.8,1.0,0,1
DB,5,0.025865792992704,0.0808885920001426,0.0647283979968122,0.5433333333333333,0.95,300,hetbeta_N100_T50_rho0.8_xsd1,100,50,0.8,1.0,0,1
DB,6,0.0291286436534495,0.0852345578365774,0.0681796748808391,0.4666666666666667,0.81,300,hetbeta_N100_T50_rho0.8_xsd1,100,50,0.8,1.0,0,1
DB,7,0.0321302365415709,0.0880666173893569,0.0705932008470444,0.47,0.65,300,hetbeta_N100_T50_rho0.8_xsd1,100,50,0.8,1.0,0,1
DB,8,0.0353944494751998,0.090119679526725,0.0718827326688296,0.48,0.5533333333333333,300,hetbeta_N100_T50_rho0.8_xsd1,100,50,0.8,1.0,0,1
DB,9,0.0350646666149206,0.0894522954921795,0.0716212240410536,0.4833333333333333,0.45,300,hetbeta_N100_T50_rho0.8_xsd1,100,50,0.8,1.0,0,1
DB,10,0.0337803373683735,0.0865998741078367,0.069317359847158,0.5433333333333333,0.4133333333333333,300,hetbeta_N100_T50_rho0.8_xsd1,100,50,0.8,1.0,0,1
FE,0,-0.0006028096982085,0.0255669788144561,0.0206125919634934,0.5766666666666667,1.0,300,hetbeta_N100_T50_rho0.8_xsd1,100,50,0.8,1.0,0,1
FE,1,0.0267136172684635,0.0437051010703869,0.0363327579118348,0.64,1.0,300,hetbeta_N100_T50_rho0.8_xsd1,100,50,0.8,1.0,0,1
FE,2,0.0473073338476505,0.0681960299249296,0.0566581278709681,0.49,1.0,300,hetbeta_N100_T50_rho0.8_xsd1,100,50,0.8,1.0,0,1
FE,3,0.0636369011097932,0.0879704908984028,0.0728644085841239,0.4266666666666667,1.0,300,hetbeta_N100_T50_rho0.8_xsd1,100,50,0.8,1.0,0,1
FE,4,0.0786766778251245,0.1041990092361127,0.0871272720976624,0.3533333333333333,0.96,300,hetbeta_N100_T50_rho0.8_xsd1,100,50,0.8,1.0,0,1
FE,5,0.0880277830179507,0.1141600463208852,0.0968075940596982,0.2966666666666667,0.77,300,hetbeta_N100_T50_rho0.8_xsd1,100,50,0.8,1.0,0,1
FE,6,0.0962951080231278,0.1224527300617769,0.1058215682553484,0.26,0.5366666666666666,300,hetbeta_N100_T50_rho0.8_xsd1,100,50,0.8,1.0,0,1
FE,7,0.1029506000101955,0.128843417056047,0.1132670009019026,0.25,0.42,300,hetbeta_N100_T50_rho0.8_xsd1,100,50,0.8,1.0,0,1
FE,8,0.1087702077775685,0.1341544606148634,0.1186806960642951,0.19,0.3966666666666666,300,hetbeta_N100_T50_rho0.8_xsd1,100,50,0.8,1.0,0,1
FE,9,0.1100822400405899,0.1351682849613841,0.1190194773180812,0.2,0.4633333333333333,300,hetbeta_N100_T50_rho0.8_xsd1,100,50,0.8,1.0,0,1
FE,10,0.1096592304721511,0.133690120118316,0.1174214570550756,0.2233333333333333,0.4933333333333333,300,hetbeta_N100_T50_rho0.8_xsd1,100,50,0.8,1.0,0,1
HPJ,0,0.0028042685582552,0.1020268058109485,0.0844636979754514,0.1333333333333333,1.0,300,hetbeta_N100_T50_rho0.8_xsd1,100,50,0.8,1.0,0,1
HPJ,1,0.0314575921836015,0.0934434800281268,0.0767828920240327,0.3066666666666666,1.0,300,hetbeta_N100_T50_rho0.8_xsd1,100,50,0.8,1.0,0,1
HPJ,2,0.0510102331709221,0.0986567519340419,0.0822442914191435,0.31,1.0,300,hetbeta_N100_T50_rho0.8_xsd1,100,50,0.8,1.0,0,1
HPJ,3,0.0692366780205352,0.1112485894397516,0.0934877576772048,0.2933333333333333,0.99,300,hetbeta_N100_T50_rho0.8_xsd1,100,50,0.8,1.0,0,1
HPJ,4,0.0853693423489139,0.1231618949577353,0.1043049469793927,0.2766666666666666,0.91,300,hetbeta_N100_T50_rho0.8_xsd1,100,50,0.8,1.0,0,1
HPJ,5,0.0959986902699301,0.1310559947519143,0.1116724600524301,0.2533333333333333,0.73,300,hetbeta_N100_T50_rho0.8_xsd1,100,50,0.8,1.0,0,1
HPJ,6,0.1024634855903689,0.1369873854506233,0.1174659640800164,0.2233333333333333,0.5566666666666666,300,hetbeta_N100_T50_rho0.8_xsd1,100,50,0.8,1.0,0,1
HPJ,7,0.1077132797594764,0.1429038888537315,0.1219539809396448,0.2266666666666666,0.5066666666666667,300,hetbeta_N100_T50_rho0.8_xsd1,100,50,0.8,1.0,0,1
HPJ,8,0.111922091085859,0.1495641343050174,0.1261984556620176,0.2166666666666666,0.4833333333333333,300,hetbeta_N100_T50_rho0.8_xsd1,100,50,0.8,1.0,0,1
HPJ,9,0.1126180136098075,0.1506254746416266,0.1280480913853904,0.2033333333333333,0.5366666666666666,300,hetbeta_N100_T50_rho0.8_xsd1,100,50,0.8,1.0,0,1
HPJ,10,0.1081724551092851,0.1452733763693773,0.1230552147587113,0.21,0.5466666666666666,300,hetbeta_N100_T50_rho0.8_xsd1,100,50,0.8,1.0,0,1
SPJ,0,-0.0014005123361958,0.0272723194893052,0.0216292741359308,0.6266666666666667,1.0,300,hetbeta_N100_T50_rho0.8_xsd1,100,50,0.8,1.0,0,1
SPJ,1,-0.0050239194688831,0.0444693946984012,0.033342580314882,0.7733333333333333,1.0,300,hetbeta_N100_T50_rho0.8_xsd1,100,50,0.8,1.0,0,1
SPJ,2,-0.0060464773357084,0.0678933009172928,0.0516465934274568,0.6666666666666666,1.0,300,hetbeta_N100_T50_rho0.8_xsd1,100,50,0.8,1.0,0,1
SPJ,3,-0.0036726662106963,0.0872687083703137,0.0659802325643367,0.5566666666666666,1.0,300,hetbeta_N100_T50_rho0.8_xsd1,100,50,0.8,1.0,0,1
SPJ,4,0.0019551374243669,0.101461147855264,0.0769342213925438,0.5366666666666666,0.9933333333333332,300,hetbeta_N100_T50_rho0.8_xsd1,100,50,0.8,1.0,0,1
SPJ,5,0.0080698748179672,0.1104551388338865,0.083707201862484,0.5233333333333333,0.91,300,hetbeta_N100_T50_rho0.8_xsd1,100,50,0.8,1.0,0,1
SPJ,6,0.0155597862247675,0.1172736802636638,0.089729694343713,0.4666666666666667,0.7366666666666667,300,hetbeta_N100_T50_rho0.8_xsd1,100,50,0.8,1.0,0,1
SPJ,7,0.0248901513668686,0.1222932509762781,0.0959150515890587,0.4566666666666666,0.5533333333333333,300,hetbeta_N100_T50_rho0.8_xsd1,100,50,0.8,1.0,0,1
SPJ,8,0.0356806619279362,0.1276178835676643,0.1013027720940131,0.4166666666666667,0.4433333333333333,300,hetbeta_N100_T50_rho0.8_xsd1,100,50,0.8,1.0,0,1
SPJ,9,0.0446868573827827,0.1299315560147745,0.1040728389136822,0.3966666666666666,0.4433333333333333,300,hetbeta_N100_T50_rho0.8_xsd1,100,50,0.8,1.0,0,1
SPJ,10,0.0543476949944453,0.1317407964842285,0.1073879314308357,0.3866666666666666,0.4566666666666666,300,hetbeta_N100_T50_rho0.8_xsd1,100,50,0.8,1.0,0,1
