est,h,bias,rmse,mae,coverage,rej_rate,n,cell,N,T,rho,sig_lam,mode
CDOLS,0,-0.0014896101255292,0.074506349982712,0.0601062675127678,0.9222222222222224,1.0,450,power_power_N20_T20_rho0.5_xsd0,20,20,0.5,0.0,power
CDOLS,1,-0.0222694365457098,0.0806572254497678,0.0658590573427621,0.9377777777777778,0.9866666666666668,450,power_power_N20_T20_rho0.5_xsd0,20,20,0.5,0.0,power
CDOLS,2,-0.0373842642114238,0.092287122974437,0.0735576735635779,0.9111111111111112,0.6155555555555555,450,power_power_N20_T20_rho0.5_xsd0,20,20,0.5,0.0,power
CDOLS,3,-0.0360921560088138,0.0940059461859904,0.0760803965318722,0.9111111111111112,0.3022222222222222,450,power_power_N20_T20_rho0.5_xsd0,20,20,0.5,0.0,power
CDOLS,4,-0.0383811030354528,0.0989562142217415,0.0791143912326669,0.9066666666666666,0.1688888888888889,450,power_power_N20_T20_rho0.5_xsd0,20,20,0.5,0.0,power
CDOLS,5,-0.0416257189268642,0.1070704990818018,0.0852090416436121,0.8888888888888888,0.16,450,power_power_N20_T20_rho0.5_xsd0,20,20,0.5,0.0,power
CDOLS,6,-0.0420468912534335,0.1071220936690949,0.0846071731670128,0.8911111111111111,0.1222222222222222,450,power_power_N20_T20_rho0.5_xsd0,20,20,0.5,0.0,power
DB,0,-0.0014252432233904,0.0472294532881454,0.0372816576506954,0.9111111111111112,1.0,450,power_power_N20_T20_rho0.5_xsd0,20,20,0.5,0.0,power
DB,1,0.009217722333083,0.0578608047188181,0.0460243494915976,0.92,0.9977777777777778,450,power_power_N20_T20_rho0.5_xsd0,20,20,0.5,0.0,power
DB,2,0.0160371883729415,0.0674719542894822,0.053313295826136,0.8888888888888888,0.66,450,power_power_N20_T20_rho0.5_xsd0,20,20,0.5,0.0,power
DB,3,0.0258909082961358,0.068276064595207,0.0537011643174007,0.8866666666666667,0.1666666666666666,450,power_power_N20_T20_rho0.5_xsd0,20,20,0.5,0.0,power
DB,4,0.0259776636296703,0.0700157208412586,0.0563432232109459,0.8977777777777778,0.0911111111111111,450,power_power_N20_T20_rho0.5_xsd0,20,20,0.5,0.0,power
DB,5,0.0261865101984027,0.0755208182672826,0.0610155040553897,0.8688888888888889,0.1,450,power_power_N20_T20_rho0.5_xsd0,20,20,0.5,0.0,power
DB,6,0.0263787990214702,0.0765604186943842,0.0614773307760032,0.8644444444444445,0.1177777777777777,450,power_power_N20_T20_rho0.5_xsd0,20,20,0.5,0.0,power
FE,0,-0.0014252432233904,0.0472294532881454,0.0372816576506954,0.9111111111111112,1.0,450,power_power_N20_T20_rho0.5_xsd0,20,20,0.5,0.0,power
FE,1,0.0498214100848403,0.0745361382848658,0.0607783073328858,0.8244444444444444,0.9911111111111112,450,power_power_N20_T20_rho0.5_xsd0,20,20,0.5,0.0,power
FE,2,0.0737380401690935,0.0973579299579163,0.0803892723900217,0.7066666666666667,0.3111111111111111,450,power_power_N20_T20_rho0.5_xsd0,20,20,0.5,0.0,power
FE,3,0.0901026430261942,0.1091069906306519,0.0930206071918199,0.6577777777777778,0.0911111111111111,450,power_power_N20_T20_rho0.5_xsd0,20,20,0.5,0.0,power
FE,4,0.0914445440744856,0.1122188496425484,0.0956363446402694,0.6511111111111111,0.1777777777777777,450,power_power_N20_T20_rho0.5_xsd0,20,20,0.5,0.0,power
FE,5,0.0897202583496911,0.1146594527952427,0.0967886368825904,0.6466666666666666,0.2822222222222222,450,power_power_N20_T20_rho0.5_xsd0,20,20,0.5,0.0,power
FE,6,0.0853596790214375,0.1124686977451119,0.0943587292881387,0.6688888888888889,0.2666666666666666,450,power_power_N20_T20_rho0.5_xsd0,20,20,0.5,0.0,power
HPJ,0,-0.0156775964054805,0.1340328850038716,0.1058042685274465,0.5044444444444445,1.0,450,power_power_N20_T20_rho0.5_xsd0,20,20,0.5,0.0,power
HPJ,1,0.0416616248736447,0.1609264323887367,0.127811505122574,0.4644444444444444,0.8577777777777778,450,power_power_N20_T20_rho0.5_xsd0,20,20,0.5,0.0,power
HPJ,2,0.0753375778268001,0.1864677229744868,0.1512435532078176,0.4111111111111111,0.5444444444444444,450,power_power_N20_T20_rho0.5_xsd0,20,20,0.5,0.0,power
HPJ,3,0.0875206241724273,0.2007870752939228,0.1578940629709647,0.4422222222222222,0.5355555555555556,450,power_power_N20_T20_rho0.5_xsd0,20,20,0.5,0.0,power
HPJ,4,0.0927271477826426,0.2073753963380785,0.1678443300246199,0.4288888888888889,0.5711111111111111,450,power_power_N20_T20_rho0.5_xsd0,20,20,0.5,0.0,power
HPJ,5,0.0870556570156609,0.2057721664840186,0.1641592139175203,0.4111111111111111,0.5422222222222223,450,power_power_N20_T20_rho0.5_xsd0,20,20,0.5,0.0,power
HPJ,6,0.0858204946246958,0.2267852588614691,0.1779531822592063,0.4111111111111111,0.5911111111111111,450,power_power_N20_T20_rho0.5_xsd0,20,20,0.5,0.0,power
SPJ,0,-0.0011241527722355,0.0524304819374865,0.0411651212563473,0.9333333333333332,1.0,450,power_power_N20_T20_rho0.5_xsd0,20,20,0.5,0.0,power
SPJ,1,-0.0040045474007885,0.0647660636811786,0.0520425965185693,0.9333333333333332,0.9977777777777778,450,power_power_N20_T20_rho0.5_xsd0,20,20,0.5,0.0,power
SPJ,2,0.0011771885154896,0.0756727882382847,0.0598096900343387,0.9244444444444444,0.5933333333333334,450,power_power_N20_T20_rho0.5_xsd0,20,20,0.5,0.0,power
SPJ,3,0.0203567844234676,0.0801040016520262,0.0637778407837719,0.9133333333333332,0.1422222222222222,450,power_power_N20_T20_rho0.5_xsd0,20,20,0.5,0.0,power
SPJ,4,0.03945177658974,0.088104809522076,0.0708906252790682,0.8733333333333333,0.0688888888888888,450,power_power_N20_T20_rho0.5_xsd0,20,20,0.5,0.0,power
SPJ,5,0.0682522549326336,0.1097398496885684,0.0893124838226715,0.7888888888888889,0.16,450,power_power_N20_T20_rho0.5_xsd0,20,20,0.5,0.0,power
SPJ,6,0.1027313417896371,0.1361954770907556,0.115470544710864,0.6911111111111111,0.2555555555555555,450,power_power_N20_T20_rho0.5_xsd0,20,20,0.5,0.0,power
CDOLS,0,-0.0014896101255291,0.074506349982712,0.0601062675127678,0.9222222222222224,0.0777777777777777,450,power_null_N20_T20_rho0.5_xsd0,20,20,0.5,0.0,null
CDOLS,1,-0.0019085004504447,0.0736111625352045,0.0595006517043968,0.9533333333333334,0.0466666666666666,450,power_null_N20_T20_rho0.5_xsd0,20,20,0.5,0.0,null
CDOLS,2,-0.0085621585773957,0.0762745410472468,0.0614527289396839,0.92,0.08,450,power_null_N20_T20_rho0.5_xsd0,20,20,0.5,0.0,null
CDOLS,3,-0.0036945095849372,0.0771001839174895,0.0602945798256285,0.9288888888888888,0.0711111111111111,450,power_null_N20_T20_rho0.5_xsd0,20,20,0.5,0.0,null
CDOLS,4,-0.002042506671328,0.0835306242972014,0.0657746233815376,0.9266666666666666,0.0733333333333333,450,power_null_N20_T20_rho0.5_xsd0,20,20,0.5,0.0,null
CDOLS,5,-0.0036613641329129,0.0848588450574419,0.0676737138445692,0.9288888888888888,0.0711111111111111,450,power_null_N20_T20_rho0.5_xsd0,20,20,0.5,0.0,null
CDOLS,6,-0.0011249346940867,0.0863843930328144,0.0684228206764593,0.9222222222222224,0.0777777777777777,450,power_null_N20_T20_rho0.5_xsd0,20,20,0.5,0.0,null
DB,0,-0.0014252432233903,0.0472294532881454,0.0372816576506954,0.9111111111111112,0.0888888888888888,450,power_null_N20_T20_rho0.5_xsd0,20,20,0.5,0.0,null
DB,1,-0.0010133877521034,0.0475755384243674,0.0381883777728874,0.9155555555555556,0.0844444444444444,450,power_null_N20_T20_rho0.5_xsd0,20,20,0.5,0.0,null
DB,2,-0.0046607399435279,0.05126161651526,0.0405917283942241,0.9022222222222224,0.0977777777777777,450,power_null_N20_T20_rho0.5_xsd0,20,20,0.5,0.0,null
DB,3,-0.0003517308871576,0.0500050820677819,0.0397867200853198,0.9044444444444444,0.0955555555555555,450,power_null_N20_T20_rho0.5_xsd0,20,20,0.5,0.0,null
DB,4,-0.0013092242022604,0.0517862990444794,0.0414666239061883,0.9111111111111112,0.0888888888888888,450,power_null_N20_T20_rho0.5_xsd0,20,20,0.5,0.0,null
DB,5,-0.001824557807846,0.0582355032475701,0.046963702999809,0.8955555555555555,0.1044444444444444,450,power_null_N20_T20_rho0.5_xsd0,20,20,0.5,0.0,null
DB,6,0.0001985490543321,0.0575525217305955,0.0457976741801117,0.9111111111111112,0.0888888888888888,450,power_null_N20_T20_rho0.5_xsd0,20,20,0.5,0.0,null
FE,0,-0.0014252432233903,0.0472294532881454,0.0372816576506954,0.9111111111111112,0.0888888888888888,450,power_null_N20_T20_rho0.5_xsd0,20,20,0.5,0.0,null
FE,1,-0.0009181874270604,0.0462464492545999,0.0371892115812853,0.92,0.08,450,power_null_N20_T20_rho0.5_xsd0,20,20,0.5,0.0,null
FE,2,-0.0045315224434914,0.0507715450363934,0.0402458899463646,0.9088888888888887,0.0911111111111111,450,power_null_N20_T20_rho0.5_xsd0,20,20,0.5,0.0,null
FE,3,-0.0002131008852589,0.0496833644334415,0.0395202262229668,0.9111111111111112,0.0888888888888888,450,power_null_N20_T20_rho0.5_xsd0,20,20,0.5,0.0,null
FE,4,-0.0011715749530709,0.0517261891290634,0.0413061798582573,0.9177777777777778,0.0822222222222222,450,power_null_N20_T20_rho0.5_xsd0,20,20,0.5,0.0,null
FE,5,-0.0016933246225155,0.0585202627638556,0.0473424786413239,0.9066666666666666,0.0933333333333333,450,power_null_N20_T20_rho0.5_xsd0,20,20,0.5,0.0,null
FE,6,0.0003190135008178,0.0577647205750089,0.0460392866278691,0.9111111111111112,0.0888888888888888,450,power_null_N20_T20_rho0.5_xsd0,20,20,0.5,0.0,null
HPJ,0,-0.0156775964054804,0.1340328850038715,0.1058042685274465,0.5044444444444445,0.4955555555555556,450,power_null_N20_T20_rho0.5_xsd0,20,20,0.5,0.0,null
HPJ,1,-0.0093108613809107,0.1330976281288683,0.1068023016831198,0.4644444444444444,0.5355555555555556,450,power_null_N20_T20_rho0.5_xsd0,20,20,0.5,0.0,null
HPJ,2,-0.0046415869998552,0.1351608096053324,0.1073492468045735,0.52,0.48,450,power_null_N20_T20_rho0.5_xsd0,20,20,0.5,0.0,null
HPJ,3,-0.0079399891533844,0.1434496139301123,0.1160791907219575,0.4711111111111111,0.5288888888888889,450,power_null_N20_T20_rho0.5_xsd0,20,20,0.5,0.0,null
HPJ,4,0.0034491249084307,0.1497766679891176,0.1203499726578339,0.4577777777777778,0.5422222222222223,450,power_null_N20_T20_rho0.5_xsd0,20,20,0.5,0.0,null
HPJ,5,-0.0063321982388654,0.1549938631717892,0.1236577520321629,0.48,0.52,450,power_null_N20_T20_rho0.5_xsd0,20,20,0.5,0.0,null
HPJ,6,-0.0054745420740581,0.1684759183308017,0.1360690295990005,0.4288888888888889,0.5711111111111111,450,power_null_N20_T20_rho0.5_xsd0,20,20,0.5,0.0,null
SPJ,0,-0.0011241527722354,0.0524304819374865,0.0411651212563473,0.9333333333333332,0.0666666666666666,450,power_null_N20_T20_rho0.5_xsd0,20,20,0.5,0.0,null
SPJ,1,0.0001243247314837,0.0520478188295394,0.0416818242836536,0.9511111111111112,0.0488888888888888,450,power_null_N20_T20_rho0.5_xsd0,20,20,0.5,0.0,null
SPJ,2,-0.0035938069891469,0.0550243995353616,0.0430030099231284,0.9444444444444444,0.0555555555555555,450,power_null_N20_T20_rho0.5_xsd0,20,20,0.5,0.0,null
SPJ,3,0.000109208846801,0.0558919388941358,0.0440097988362107,0.9311111111111112,0.0688888888888888,450,power_null_N20_T20_rho0.5_xsd0,20,20,0.5,0.0,null
SPJ,4,-0.0018058073797323,0.0577928660576496,0.0456358833151041,0.9422222222222222,0.0577777777777777,450,power_null_N20_T20_rho0.5_xsd0,20,20,0.5,0.0,null
SPJ,5,-0.0033405354906263,0.0640516223731893,0.0517605304270206,0.9333333333333332,0.0666666666666666,450,power_null_N20_T20_rho0.5_xsd0,20,20,0.5,0.0,null
SPJ,6,-0.0012731202086984,0.0668707799700245,0.0526937098050349,0.9222222222222224,0.0777777777777777,450,power_null_N20_T20_rho0.5_xsd0,20,20,0.5,0.0,null
CDOLS,0,-0.0035678133401657,0.0610535548411404,0.0490711025300669,0.9177777777777778,1.0,450,power_power_N20_T50_rho0.8_xsd1,20,50,0.8,1.0,power
CDOLS,1,-0.0089224983239331,0.0583110854887932,0.0464195427414632,0.7711111111111111,1.0,450,power_power_N20_T50_rho0.8_xsd1,20,50,0.8,1.0,power
CDOLS,2,-0.0118249061248541,0.0670929647636615,0.0537748078507296,0.74,1.0,450,power_power_N20_T50_rho0.8_xsd1,20,50,0.8,1.0,power
CDOLS,3,-0.0197263398504446,0.0717686233616126,0.0570969134998399,0.7444444444444445,1.0,450,power_power_N20_T50_rho0.8_xsd1,20,50,0.8,1.0,power
CDOLS,4,-0.0235070374823373,0.0794497135470611,0.0623624422914795,0.6977777777777778,0.9888888888888888,450,power_power_N20_T50_rho0.8_xsd1,20,50,0.8,1.0,power
CDOLS,5,-0.0294131433441428,0.0820983983290197,0.0651702123140634,0.7111111111111111,0.9533333333333334,450,power_power_N20_T50_rho0.8_xsd1,20,50,0.8,1.0,power
CDOLS,6,-0.0311863399029187,0.0876132102027685,0.0689906920279064,0.6911111111111111,0.8933333333333333,450,power_power_N20_T50_rho0.8_xsd1,20,50,0.8,1.0,power
CDOLS,7,-0.0343017519478309,0.0922055139521079,0.0729329303165117,0.6822222222222222,0.78,450,power_power_N20_T50_rho0.8_xsd1,20,50,0.8,1.0,power
CDOLS,8,-0.0389422082415333,0.0952149067653986,0.0762870788036473,0.6555555555555556,0.6866666666666666,450,power_power_N20_T50_rho0.8_xsd1,20,50,0.8,1.0,power
CDOLS,9,-0.0425144116577814,0.0957027783065419,0.0770878737972798,0.6466666666666666,0.68,450,power_power_N20_T50_rho0.8_xsd1,20,50,0.8,1.0,power
CDOLS,10,-0.0452279837032288,0.0991233699239532,0.0783248012983606,0.6844444444444444,0.5955555555555555,450,power_power_N20_T50_rho0.8_xsd1,20,50,0.8,1.0,power
DB,0,-0.0003720273937416,0.0265400434565377,0.0208723788733888,0.7577777777777778,1.0,450,power_power_N20_T50_rho0.8_xsd1,20,50,0.8,1.0,power
DB,1,0.0115764014541632,0.037423184387698,0.0291808359775794,0.8644444444444445,1.0,450,power_power_N20_T50_rho0.8_xsd1,20,50,0.8,1.0,power
DB,2,0.0203848496870083,0.0567673588762631,0.0458871494735207,0.8,1.0,450,power_power_N20_T50_rho0.8_xsd1,20,50,0.8,1.0,power
DB,3,0.0253567959978872,0.0716279255437942,0.0581104377359537,0.7622222222222222,1.0,450,power_power_N20_T50_rho0.8_xsd1,20,50,0.8,1.0,power
DB,4,0.030019315958149,0.0831076655801602,0.0669404561704904,0.7288888888888889,0.9377777777777778,450,power_power_N20_T50_rho0.8_xsd1,20,50,0.8,1.0,power
DB,5,0.0329528393295465,0.0910764360431323,0.0729692517345138,0.7044444444444444,0.7533333333333333,450,power_power_N20_T50_rho0.8_xsd1,20,50,0.8,1.0,power
DB,6,0.0354951973490378,0.0944256601724537,0.0766043198429915,0.6933333333333334,0.5533333333333333,450,power_power_N20_T50_rho0.8_xsd1,20,50,0.8,1.0,power
DB,7,0.0350911059883873,0.0945181596384241,0.077491706255353,0.7066666666666667,0.4,450,power_power_N20_T50_rho0.8_xsd1,20,50,0.8,1.0,power
DB,8,0.0342586544668192,0.0946613747864507,0.0786253232799705,0.7133333333333334,0.3177777777777777,450,power_power_N20_T50_rho0.8_xsd1,20,50,0.8,1.0,power
DB,9,0.0333373444654598,0.0920005011412132,0.0748434663021054,0.7377777777777778,0.2555555555555555,450,power_power_N20_T50_rho0.8_xsd1,20,50,0.8,1.0,power
DB,10,0.0330469832513277,0.088663194782031,0.0719333640422666,0.7444444444444445,0.1911111111111111,450,power_power_N20_T50_rho0.8_xsd1,20,50,0.8,1.0,power
FE,0,-0.0003720273937416,0.0265400434565377,0.0208723788733888,0.7577777777777778,1.0,450,power_power_N20_T50_rho0.8_xsd1,20,50,0.8,1.0,power
FE,1,0.0315003029689109,0.0471407068848139,0.0381256371995978,0.7711111111111111,1.0,450,power_power_N20_T50_rho0.8_xsd1,20,50,0.8,1.0,power
FE,2,0.0554447147500259,0.0756352739760659,0.0632052929872488,0.62,1.0,450,power_power_N20_T50_rho0.8_xsd1,20,50,0.8,1.0,power
FE,3,0.0719193082119188,0.0965354165369857,0.0815332777026877,0.58,0.9866666666666668,450,power_power_N20_T50_rho0.8_xsd1,20,50,0.8,1.0,power
FE,4,0.0853033899692496,0.1128594571866754,0.0961659802159584,0.5155555555555555,0.7888888888888889,450,power_power_N20_T50_rho0.8_xsd1,20,50,0.8,1.0,power
FE,5,0.0948079231382061,0.1244541714189755,0.1062273241025716,0.4822222222222222,0.5088888888888888,450,power_power_N20_T50_rho0.8_xsd1,20,50,0.8,1.0,power
FE,6,0.1022377037430956,0.1315647016498719,0.112836239331243,0.4755555555555555,0.2955555555555555,450,power_power_N20_T50_rho0.8_xsd1,20,50,0.8,1.0,power
FE,7,0.1053828846362472,0.1341986168327404,0.1150971592186795,0.4533333333333333,0.2066666666666666,450,power_power_N20_T50_rho0.8_xsd1,20,50,0.8,1.0,power
FE,8,0.1070159684560398,0.1359135360064428,0.1167794971870457,0.4444444444444444,0.2066666666666666,450,power_power_N20_T50_rho0.8_xsd1,20,50,0.8,1.0,power
FE,9,0.1076620291106921,0.135109009107188,0.1164905731591423,0.4711111111111111,0.2333333333333333,450,power_power_N20_T50_rho0.8_xsd1,20,50,0.8,1.0,power
FE,10,0.1081737428703377,0.1338245901705403,0.1163238936341175,0.4555555555555555,0.2644444444444444,450,power_power_N20_T50_rho0.8_xsd1,20,50,0.8,1.0,power
HPJ,0,0.0003016015946288,0.0799542734732867,0.0605175552457382,0.3466666666666667,1.0,450,power_power_N20_T50_rho0.8_xsd1,20,50,0.8,1.0,power
HPJ,1,0.0312457229706347,0.0760001227911033,0.0592911532976823,0.54,1.0,450,power_power_N20_T50_rho0.8_xsd1,20,50,0.8,1.0,power
HPJ,2,0.0541974650241545,0.1026921269622044,0.0820024054412741,0.5622222222222222,0.9955555555555556,450,power_power_N20_T50_rho0.8_xsd1,20,50,0.8,1.0,power
HPJ,3,0.0717099202041225,0.124723168086535,0.101231213509694,0.5155555555555555,0.9244444444444444,450,power_power_N20_T50_rho0.8_xsd1,20,50,0.8,1.0,power
HPJ,4,0.085916972192385,0.1428751505988118,0.1171316380850136,0.4444444444444444,0.7111111111111111,450,power_power_N20_T50_rho0.8_xsd1,20,50,0.8,1.0,power
HPJ,5,0.0934018031038951,0.1533278218231247,0.1239626925408039,0.4666666666666667,0.56,450,power_power_N20_T50_rho0.8_xsd1,20,50,0.8,1.0,power
HPJ,6,0.1023083291552069,0.1610088667498033,0.1303741888759428,0.4711111111111111,0.4288888888888889,450,power_power_N20_T50_rho0.8_xsd1,20,50,0.8,1.0,power
HPJ,7,0.1040152853111708,0.1627315258409333,0.1331897192322549,0.4466666666666666,0.3911111111111111,450,power_power_N20_T50_rho0.8_xsd1,20,50,0.8,1.0,power
HPJ,8,0.1104695339591621,0.1678646281435475,0.1381727762141406,0.4288888888888889,0.3977777777777778,450,power_power_N20_T50_rho0.8_xsd1,20,50,0.8,1.0,power
HPJ,9,0.1116352374404689,0.1688256034341963,0.1416695958517509,0.4066666666666667,0.4,450,power_power_N20_T50_rho0.8_xsd1,20,50,0.8,1.0,power
HPJ,10,0.111486823015054,0.1691667315379591,0.1405832321481655,0.4111111111111111,0.4288888888888889,450,power_power_N20_T50_rho0.8_xsd1,20,50,0.8,1.0,power
SPJ,0,-0.0002662968253119,0.026686063139791,0.0209938034950633,0.8244444444444444,1.0,450,power_power_N20_T50_rho0.8_xsd1,20,50,0.8,1.0,power
SPJ,1,-0.0007582380101134,0.0443431243953907,0.0340458959986073,0.8755555555555555,1.0,450,power_power_N20_T50_rho0.8_xsd1,20,50,0.8,1.0,power
SPJ,2,0.0013762543184173,0.0704635815411753,0.0530688189959295,0.8466666666666667,1.0,450,power_power_N20_T50_rho0.8_xsd1,20,50,0.8,1.0,power
SPJ,3,0.0042399211423116,0.0914232627997289,0.0699683598138459,0.7911111111111111,0.9933333333333332,450,power_power_N20_T50_rho0.8_xsd1,20,50,0.8,1.0,power
SPJ,4,0.0097516284246222,0.1078372184776965,0.0827098779564234,0.7577777777777778,0.8977777777777778,450,power_power_N20_T50_rho0.8_xsd1,20,50,0.8,1.0,power
SPJ,5,0.01470195672828,0.1198101678784277,0.0921408179590528,0.7066666666666667,0.6644444444444444,450,power_power_N20_T50_rho0.8_xsd1,20,50,0.8,1.0,power
SPJ,6,0.0215345955444366,0.126220536193074,0.0983908686780626,0.7088888888888889,0.4888888888888889,450,power_power_N20_T50_rho0.8_xsd1,20,50,0.8,1.0,power
SPJ,7,0.0266642087252706,0.1305938202197055,0.1023082624954134,0.6977777777777778,0.3355555555555555,450,power_power_N20_T50_rho0.8_xsd1,20,50,0.8,1.0,power
SPJ,8,0.0341486374949322,0.1332137202944754,0.1060473749452665,0.6911111111111111,0.2733333333333333,450,power_power_N20_T50_rho0.8_xsd1,20,50,0.8,1.0,power
SPJ,9,0.0417711447509191,0.1343305982697928,0.108198915987815,0.6844444444444444,0.2488888888888888,450,power_power_N20_T50_rho0.8_xsd1,20,50,0.8,1.0,power
SPJ,10,0.0522897212654668,0.1345031592052701,0.1102527821878844,0.6911111111111111,0.22,450,power_power_N20_T50_rho0.8_xsd1,20,50,0.8,1.0,power
CDOLS,0,-0.0035678133401656,0.0610535548411403,0.0490711025300669,0.9177777777777778,0.0822222222222222,450,power_null_N20_T50_rho0.8_xsd1,20,50,0.8,1.0,null
CDOLS,1,0.0007239280333044,0.0350274385446972,0.0276412191826858,0.9177777777777778,0.0822222222222222,450,power_null_N20_T50_rho0.8_xsd1,20,50,0.8,1.0,null
CDOLS,2,0.0003212841806523,0.0392155580039245,0.0307640844701826,0.8866666666666667,0.1133333333333333,450,power_null_N20_T50_rho0.8_xsd1,20,50,0.8,1.0,null
CDOLS,3,0.0003796092550844,0.0371661493880026,0.0303147612943316,0.9222222222222224,0.0777777777777777,450,power_null_N20_T50_rho0.8_xsd1,20,50,0.8,1.0,null
CDOLS,4,0.0002926652965107,0.0391734199184537,0.0313642252048839,0.92,0.08,450,power_null_N20_T50_rho0.8_xsd1,20,50,0.8,1.0,null
CDOLS,5,0.000119129249888,0.0389474498372351,0.030266470411614,0.9133333333333332,0.0866666666666666,450,power_null_N20_T50_rho0.8_xsd1,20,50,0.8,1.0,null
CDOLS,6,0.0013826353162269,0.0371195701671301,0.0297552315141537,0.9288888888888888,0.0711111111111111,450,power_null_N20_T50_rho0.8_xsd1,20,50,0.8,1.0,null
CDOLS,7,0.0007820207000297,0.0399091028444885,0.0320201046904806,0.9088888888888887,0.0911111111111111,450,power_null_N20_T50_rho0.8_xsd1,20,50,0.8,1.0,null
CDOLS,8,-0.0003825337332122,0.0377624893194023,0.0296112886452404,0.9311111111111112,0.0688888888888888,450,power_null_N20_T50_rho0.8_xsd1,20,50,0.8,1.0,null
CDOLS,9,0.000112525509454,0.0391460548823613,0.0303869031348918,0.9222222222222224,0.0777777777777777,450,power_null_N20_T50_rho0.8_xsd1,20,50,0.8,1.0,null
CDOLS,10,0.0007476011768603,0.0397172406930975,0.0305893541431271,0.9288888888888888,0.0711111111111111,450,power_null_N20_T50_rho0.8_xsd1,20,50,0.8,1.0,null
DB,0,-0.0003720273937415,0.0265400434565377,0.0208723788733888,0.7577777777777778,0.2422222222222222,450,power_null_N20_T50_rho0.8_xsd1,20,50,0.8,1.0,null
DB,1,0.0010864692947518,0.0177999265023597,0.0143631282046096,0.9044444444444444,0.0955555555555555,450,power_null_N20_T50_rho0.8_xsd1,20,50,0.8,1.0,null
DB,2,0.0005924853596443,0.018314222148703,0.0144135784958089,0.9044444444444444,0.0955555555555555,450,power_null_N20_T50_rho0.8_xsd1,20,50,0.8,1.0,null
DB,3,0.0005423800065045,0.0184743318331447,0.0147976538507167,0.8911111111111111,0.1088888888888888,450,power_null_N20_T50_rho0.8_xsd1,20,50,0.8,1.0,null
DB,4,0.0005066146397569,0.0186122254339165,0.0146674163126338,0.9,0.1,450,power_null_N20_T50_rho0.8_xsd1,20,50,0.8,1.0,null
DB,5,0.000672938555554,0.0176769047613451,0.0141025603737919,0.9155555555555556,0.0844444444444444,450,power_null_N20_T50_rho0.8_xsd1,20,50,0.8,1.0,null
DB,6,0.0009559573722309,0.0184330614839474,0.0145829994876986,0.9244444444444444,0.0755555555555555,450,power_null_N20_T50_rho0.8_xsd1,20,50,0.8,1.0,null
DB,7,0.0001564136886186,0.0180756354602794,0.0145020281646542,0.9111111111111112,0.0888888888888888,450,power_null_N20_T50_rho0.8_xsd1,20,50,0.8,1.0,null
DB,8,7.140812549496086e-05,0.0182745379478591,0.0141925086016724,0.9288888888888888,0.0711111111111111,450,power_null_N20_T50_rho0.8_xsd1,20,50,0.8,1.0,null
DB,9,4.20184561691425e-05,0.0197000165734284,0.0156001355600023,0.9222222222222224,0.0777777777777777,450,power_null_N20_T50_rho0.8_xsd1,20,50,0.8,1.0,null
DB,10,5.0198096596923e-05,0.018945681319931,0.0148656125782856,0.9177777777777778,0.0822222222222222,450,power_null_N20_T50_rho0.8_xsd1,20,50,0.8,1.0,null
FE,0,-0.0003720273937415,0.0265400434565377,0.0208723788733888,0.7577777777777778,0.2422222222222222,450,power_null_N20_T50_rho0.8_xsd1,20,50,0.8,1.0,null
FE,1,0.00109942915523,0.017497420692881,0.0140806013785502,0.9111111111111112,0.0888888888888888,450,power_null_N20_T50_rho0.8_xsd1,20,50,0.8,1.0,null
FE,2,0.0006170793682751,0.018019228353761,0.0142051592014766,0.9066666666666666,0.0933333333333333,450,power_null_N20_T50_rho0.8_xsd1,20,50,0.8,1.0,null
FE,3,0.0005770393744214,0.0181572649429658,0.0145880474442428,0.9066666666666666,0.0933333333333333,450,power_null_N20_T50_rho0.8_xsd1,20,50,0.8,1.0,null
FE,4,0.0005497501483475,0.0184074155412341,0.0145275485995185,0.9066666666666666,0.0933333333333333,450,power_null_N20_T50_rho0.8_xsd1,20,50,0.8,1.0,null
FE,5,0.0007230527992886,0.0175965708004683,0.0140475679835131,0.92,0.08,450,power_null_N20_T50_rho0.8_xsd1,20,50,0.8,1.0,null
FE,6,0.001011692695503,0.0183891263072446,0.0146270863714491,0.9177777777777778,0.0822222222222222,450,power_null_N20_T50_rho0.8_xsd1,20,50,0.8,1.0,null
FE,7,0.0002165638521087,0.0179705549394613,0.0143389182749913,0.9111111111111112,0.0888888888888888,450,power_null_N20_T50_rho0.8_xsd1,20,50,0.8,1.0,null
FE,8,0.0001349105083973,0.0183729433021135,0.0143439747687497,0.9333333333333332,0.0666666666666666,450,power_null_N20_T50_rho0.8_xsd1,20,50,0.8,1.0,null
FE,9,0.0001079366638456,0.019674080224497,0.0156475893024454,0.9088888888888887,0.0911111111111111,450,power_null_N20_T50_rho0.8_xsd1,20,50,0.8,1.0,null
FE,10,0.0001177005925215,0.018933095206947,0.0150392675746196,0.92,0.08,450,power_null_N20_T50_rho0.8_xsd1,20,50,0.8,1.0,null
HPJ,0,0.0003016015946289,0.0799542734732867,0.0605175552457382,0.3466666666666667,0.6533333333333333,450,power_null_N20_T50_rho0.8_xsd1,20,50,0.8,1.0,null
HPJ,1,0.002956589246179,0.0521194492711198,0.0402099073625549,0.4933333333333333,0.5066666666666667,450,power_null_N20_T50_rho0.8_xsd1,20,50,0.8,1.0,null
HPJ,2,0.0025831072766696,0.0522224973918789,0.0413636072780725,0.4222222222222222,0.5777777777777777,450,power_null_N20_T50_rho0.8_xsd1,20,50,0.8,1.0,null
HPJ,3,0.0020298002128946,0.0537848025819201,0.0424544680310628,0.4533333333333333,0.5466666666666666,450,power_null_N20_T50_rho0.8_xsd1,20,50,0.8,1.0,null
HPJ,4,0.0016329539254012,0.0546095548652096,0.0424268507974367,0.4733333333333333,0.5266666666666666,450,power_null_N20_T50_rho0.8_xsd1,20,50,0.8,1.0,null
HPJ,5,-0.0005185982754118,0.0552028990787657,0.0425992951225597,0.4911111111111111,0.5088888888888888,450,power_null_N20_T50_rho0.8_xsd1,20,50,0.8,1.0,null
HPJ,6,0.0021452924139884,0.0508109092406894,0.0395909584247131,0.5044444444444445,0.4955555555555556,450,power_null_N20_T50_rho0.8_xsd1,20,50,0.8,1.0,null
HPJ,7,0.0004130406831297,0.0546901664535035,0.0424399859379816,0.4866666666666667,0.5133333333333333,450,power_null_N20_T50_rho0.8_xsd1,20,50,0.8,1.0,null
HPJ,8,0.0044969184427826,0.0557795893439299,0.0436803420668548,0.4622222222222222,0.5377777777777778,450,power_null_N20_T50_rho0.8_xsd1,20,50,0.8,1.0,null
HPJ,9,0.0023305182176252,0.0582991453408992,0.0444790313176933,0.4666666666666667,0.5333333333333333,450,power_null_N20_T50_rho0.8_xsd1,20,50,0.8,1.0,null
HPJ,10,0.0011906290991363,0.0556611363252575,0.0434632825616781,0.4777777777777778,0.5222222222222223,450,power_null_N20_T50_rho0.8_xsd1,20,50,0.8,1.0,null
SPJ,0,-0.0002662968253118,0.0266860631397911,0.0209938034950633,0.8244444444444444,0.1755555555555555,450,power_null_N20_T50_rho0.8_xsd1,20,50,0.8,1.0,null
SPJ,1,0.0007709354863971,0.0192986976241206,0.0154853139714823,0.9266666666666666,0.0733333333333333,450,power_null_N20_T50_rho0.8_xsd1,20,50,0.8,1.0,null
SPJ,2,0.0003081235404289,0.0198640880173421,0.015961633004102,0.9311111111111112,0.0688888888888888,450,power_null_N20_T50_rho0.8_xsd1,20,50,0.8,1.0,null
SPJ,3,0.0003116305694006,0.0199855552197459,0.0160114597670415,0.9133333333333332,0.0866666666666666,450,power_null_N20_T50_rho0.8_xsd1,20,50,0.8,1.0,null
SPJ,4,0.0002812340705863,0.0201306745424,0.0160306116977885,0.9466666666666668,0.0533333333333333,450,power_null_N20_T50_rho0.8_xsd1,20,50,0.8,1.0,null
SPJ,5,0.0005005807800949,0.019665010936327,0.0157454156004464,0.9444444444444444,0.0555555555555555,450,power_null_N20_T50_rho0.8_xsd1,20,50,0.8,1.0,null
SPJ,6,0.0005337093728084,0.0196869693768401,0.0157065852807913,0.9422222222222222,0.0577777777777777,450,power_null_N20_T50_rho0.8_xsd1,20,50,0.8,1.0,null
SPJ,7,-0.0004427961771515,0.0203661590226808,0.0159899400710718,0.9266666666666666,0.0733333333333333,450,power_null_N20_T50_rho0.8_xsd1,20,50,0.8,1.0,null
SPJ,8,-0.0002426050321332,0.0206850888140253,0.0162069539276843,0.9422222222222222,0.0577777777777777,450,power_null_N20_T50_rho0.8_xsd1,20,50,0.8,1.0,null
SPJ,9,-0.0003582604955335,0.0216442894342287,0.0170988665930709,0.94,0.06,450,power_null_N20_T50_rho0.8_xsd1,20,50,0.8,1.0,null
SPJ,10,-9.446913987678124e-05,0.0217204049742995,0.0173440997337243,0.9466666666666668,0.0533333333333333,450,power_null_N20_T50_rho0.8_xsd1,20,50,0.8,1.0,null
CDOLS,0,0.0001272288092015,0.0143808669994676,0.0114887599367175,0.9333333333333332,0.0666666666666666,450,power_null_N200_T50_rho0.2_xsd0,200,50,0.2,0.0,null
CDOLS,1,0.000545875065943,0.0139227347022843,0.0111009795034583,0.9533333333333334,0.0466666666666666,450,power_null_N200_T50_rho0.2_xsd0,200,50,0.2,0.0,null
CDOLS,2,-0.0002389647075853,0.0140751732070904,0.0112717473775012,0.9555555555555556,0.0444444444444444,450,power_null_N200_T50_rho0.2_xsd0,200,50,0.2,0.0,null
CDOLS,3,8.849148109694949e-05,0.0129811918434671,0.0104758458258675,0.9666666666666668,0.0333333333333333,450,power_null_N200_T50_rho0.2_xsd0,200,50,0.2,0.0,null
CDOLS,4,0.0002461439519963,0.0142183915843639,0.0116828076781864,0.9644444444444444,0.0355555555555555,450,power_null_N200_T50_rho0.2_xsd0,200,50,0.2,0.0,null
CDOLS,5,0.0005975876208575,0.0144695545852666,0.0116502557577519,0.9555555555555556,0.0444444444444444,450,power_null_N200_T50_rho0.2_xsd0,200,50,0.2,0.0,null
CDOLS,6,-0.0009821846963096,0.0146259234526,0.0114293810660155,0.9422222222222222,0.0577777777777777,450,power_null_N200_T50_rho0.2_xsd0,200,50,0.2,0.0,null
CDOLS,7,-0.0008373310092761,0.01441088432474,0.0115539061712282,0.9644444444444444,0.0355555555555555,450,power_null_N200_T50_rho0.2_xsd0,200,50,0.2,0.0,null
CDOLS,8,0.0005814282400056,0.0149093067541377,0.0117435854020165,0.9377777777777778,0.0622222222222222,450,power_null_N200_T50_rho0.2_xsd0,200,50,0.2,0.0,null
CDOLS,9,0.0004122509119135,0.0153764100869565,0.0126563725797026,0.96,0.04,450,power_null_N200_T50_rho0.2_xsd0,200,50,0.2,0.0,null
CDOLS,10,-0.0002660625474296,0.0152438313639108,0.011972022585232,0.9488888888888888,0.0511111111111111,450,power_null_N200_T50_rho0.2_xsd0,200,50,0.2,0.0,null
DB,0,0.0002266738385784,0.0101515451028798,0.0081734628430303,0.9488888888888888,0.0511111111111111,450,power_null_N200_T50_rho0.2_xsd0,200,50,0.2,0.0,null
DB,1,0.0005553936180711,0.0104592402036685,0.0083036897150008,0.9222222222222224,0.0777777777777777,450,power_null_N200_T50_rho0.2_xsd0,200,50,0.2,0.0,null
DB,2,-7.49674450838429e-06,0.0105575244874575,0.0083040297315735,0.9222222222222224,0.0777777777777777,450,power_null_N200_T50_rho0.2_xsd0,200,50,0.2,0.0,null
DB,3,0.000165834074646,0.0103040056486402,0.0082089697763113,0.9466666666666668,0.0533333333333333,450,power_null_N200_T50_rho0.2_xsd0,200,50,0.2,0.0,null
DB,4,0.0002756972104355,0.0100566495287164,0.0080541371875943,0.9577777777777776,0.0422222222222222,450,power_null_N200_T50_rho0.2_xsd0,200,50,0.2,0.0,null
DB,5,0.0002944279534563,0.0109933441516255,0.0087768853331772,0.9422222222222222,0.0577777777777777,450,power_null_N200_T50_rho0.2_xsd0,200,50,0.2,0.0,null
DB,6,-0.0011039982627091,0.010221562105175,0.0082995559478537,0.9533333333333334,0.0466666666666666,450,power_null_N200_T50_rho0.2_xsd0,200,50,0.2,0.0,null
DB,7,-0.00047860615787,0.0113719099074293,0.0088976429600648,0.9377777777777778,0.0622222222222222,450,power_null_N200_T50_rho0.2_xsd0,200,50,0.2,0.0,null
DB,8,0.0008122143738691,0.0114661209328186,0.0091221919182764,0.9355555555555556,0.0644444444444444,450,power_null_N200_T50_rho0.2_xsd0,200,50,0.2,0.0,null
DB,9,0.0003818152617446,0.0111458435084149,0.0091834486198674,0.9577777777777776,0.0422222222222222,450,power_null_N200_T50_rho0.2_xsd0,200,50,0.2,0.0,null
DB,10,-0.0001903247304764,0.0113509193173037,0.0090085465677437,0.9511111111111112,0.0488888888888888,450,power_null_N200_T50_rho0.2_xsd0,200,50,0.2,0.0,null
FE,0,0.0002266738385784,0.0101515451028798,0.0081734628430303,0.9488888888888888,0.0511111111111111,450,power_null_N200_T50_rho0.2_xsd0,200,50,0.2,0.0,null
FE,1,0.0005500788487991,0.0104283084294737,0.0082697334930345,0.92,0.08,450,power_null_N200_T50_rho0.2_xsd0,200,50,0.2,0.0,null
FE,2,-1.3766288505302497e-05,0.0105580378829624,0.0083008026347987,0.9222222222222224,0.0777777777777777,450,power_null_N200_T50_rho0.2_xsd0,200,50,0.2,0.0,null
FE,3,0.0001594037153815,0.0103108866887276,0.0082146242602682,0.9377777777777778,0.0622222222222222,450,power_null_N200_T50_rho0.2_xsd0,200,50,0.2,0.0,null
FE,4,0.0002692570770524,0.0100725368509409,0.0080494142541312,0.9555555555555556,0.0444444444444444,450,power_null_N200_T50_rho0.2_xsd0,200,50,0.2,0.0,null
FE,5,0.0002880128764036,0.0109993686767709,0.0087672687466321,0.94,0.06,450,power_null_N200_T50_rho0.2_xsd0,200,50,0.2,0.0,null
FE,6,-0.0011103738684029,0.0102512100348244,0.00831471707876,0.9533333333333334,0.0466666666666666,450,power_null_N200_T50_rho0.2_xsd0,200,50,0.2,0.0,null
FE,7,-0.0004849306154769,0.0113729212830695,0.0089077722717745,0.9377777777777778,0.0622222222222222,450,power_null_N200_T50_rho0.2_xsd0,200,50,0.2,0.0,null
FE,8,0.000805953415579,0.0114647680363904,0.0091168467096314,0.9377777777777778,0.0622222222222222,450,power_null_N200_T50_rho0.2_xsd0,200,50,0.2,0.0,null
FE,9,0.0003756316348587,0.0111715877608689,0.0092007690904731,0.9577777777777776,0.0422222222222222,450,power_null_N200_T50_rho0.2_xsd0,200,50,0.2,0.0,null
FE,10,-0.0001964153628835,0.011330042832258,0.0089982278433602,0.9533333333333334,0.0466666666666666,450,power_null_N200_T50_rho0.2_xsd0,200,50,0.2,0.0,null
HPJ,0,0.002331981727388,0.0254460947532491,0.0204552543713513,0.5644444444444444,0.4355555555555555,450,power_null_N200_T50_rho0.2_xsd0,200,50,0.2,0.0,null
HPJ,1,0.0006646493277755,0.0275491151551402,0.0222880477900867,0.5111111111111111,0.4888888888888889,450,power_null_N200_T50_rho0.2_xsd0,200,50,0.2,0.0,null
HPJ,2,0.0008236472822553,0.026121725962827,0.0210143528829979,0.5577777777777778,0.4422222222222222,450,power_null_N200_T50_rho0.2_xsd0,200,50,0.2,0.0,null
HPJ,3,0.0001226444395952,0.026640746195468,0.0211441305713655,0.5577777777777778,0.4422222222222222,450,power_null_N200_T50_rho0.2_xsd0,200,50,0.2,0.0,null
HPJ,4,-0.0001104610529097,0.0284331410511084,0.0227905674129113,0.5266666666666666,0.4733333333333333,450,power_null_N200_T50_rho0.2_xsd0,200,50,0.2,0.0,null
HPJ,5,-0.0016199423596044,0.0290885433926623,0.023029767618946,0.5377777777777778,0.4622222222222222,450,power_null_N200_T50_rho0.2_xsd0,200,50,0.2,0.0,null
HPJ,6,3.7742032264804014e-05,0.0296272485013449,0.023462357142886,0.5288888888888889,0.4711111111111111,450,power_null_N200_T50_rho0.2_xsd0,200,50,0.2,0.0,null
HPJ,7,0.0013930799208532,0.0308050007781645,0.0248721886678804,0.4822222222222222,0.5177777777777778,450,power_null_N200_T50_rho0.2_xsd0,200,50,0.2,0.0,null
HPJ,8,0.0014132872107165,0.0308530887182961,0.0248030524739798,0.5,0.5,450,power_null_N200_T50_rho0.2_xsd0,200,50,0.2,0.0,null
HPJ,9,-0.0010239504800893,0.0312137972384187,0.0251119499479696,0.4888888888888889,0.5111111111111111,450,power_null_N200_T50_rho0.2_xsd0,200,50,0.2,0.0,null
HPJ,10,-0.0006413430775467,0.0314359254771001,0.0251100188997061,0.5111111111111111,0.4888888888888889,450,power_null_N200_T50_rho0.2_xsd0,200,50,0.2,0.0,null
SPJ,0,0.000147101490906,0.0101509504806381,0.008206847858657,0.96,0.04,450,power_null_N200_T50_rho0.2_xsd0,200,50,0.2,0.0,null
SPJ,1,0.0004512189316399,0.0105105145866698,0.0083363040839995,0.9444444444444444,0.0555555555555555,450,power_null_N200_T50_rho0.2_xsd0,200,50,0.2,0.0,null
SPJ,2,-5.708655202278344e-05,0.0109047488503475,0.0086114693569797,0.9288888888888888,0.0711111111111111,450,power_null_N200_T50_rho0.2_xsd0,200,50,0.2,0.0,null
SPJ,3,0.0001041436390814,0.0105714686725853,0.0085212285981395,0.9444444444444444,0.0555555555555555,450,power_null_N200_T50_rho0.2_xsd0,200,50,0.2,0.0,null
SPJ,4,0.0001717151940836,0.0103781803682004,0.0082512750531496,0.9533333333333334,0.0466666666666666,450,power_null_N200_T50_rho0.2_xsd0,200,50,0.2,0.0,null
SPJ,5,0.0001728668820554,0.0112061216699103,0.0088713139249737,0.9422222222222222,0.0577777777777777,450,power_null_N200_T50_rho0.2_xsd0,200,50,0.2,0.0,null
SPJ,6,-0.0011393785802881,0.0105303749104651,0.0084923206436975,0.9577777777777776,0.0422222222222222,450,power_null_N200_T50_rho0.2_xsd0,200,50,0.2,0.0,null
SPJ,7,-0.0005033164691889,0.011615669485717,0.0091382294591075,0.94,0.06,450,power_null_N200_T50_rho0.2_xsd0,200,50,0.2,0.0,null
SPJ,8,0.0007409711172486,0.0115511077486523,0.0092684834702451,0.9422222222222222,0.0577777777777777,450,power_null_N200_T50_rho0.2_xsd0,200,50,0.2,0.0,null
SPJ,9,0.0003281519548845,0.0114457404882301,0.0093909763971596,0.9666666666666668,0.0333333333333333,450,power_null_N200_T50_rho0.2_xsd0,200,50,0.2,0.0,null
SPJ,10,-0.0002593467957668,0.0114951635218049,0.0090081155185584,0.9511111111111112,0.0488888888888888,450,power_null_N200_T50_rho0.2_xsd0,200,50,0.2,0.0,null
CDOLS,0,0.0001272288092014,0.0143808669994676,0.0114887599367176,0.9333333333333332,1.0,450,power_power_N200_T50_rho0.2_xsd0,200,50,0.2,0.0,power
CDOLS,1,-0.0215179646130812,0.0263758753445999,0.0224786261013428,0.7177777777777777,1.0,450,power_power_N200_T50_rho0.2_xsd0,200,50,0.2,0.0,power
CDOLS,2,-0.0263414807422184,0.0302275810420629,0.0267441164394875,0.6333333333333333,0.9111111111111112,450,power_power_N200_T50_rho0.2_xsd0,200,50,0.2,0.0,power
CDOLS,3,-0.0261867079362661,0.0298953949781488,0.0264128639722506,0.6333333333333333,0.5,450,power_power_N200_T50_rho0.2_xsd0,200,50,0.2,0.0,power
CDOLS,4,-0.0271287445978513,0.0314717455039112,0.0276015729054955,0.5933333333333334,0.4244444444444444,450,power_power_N200_T50_rho0.2_xsd0,200,50,0.2,0.0,power
CDOLS,5,-0.0267788225090601,0.0313727585162503,0.0274257953684329,0.5888888888888889,0.4111111111111111,450,power_power_N200_T50_rho0.2_xsd0,200,50,0.2,0.0,power
CDOLS,6,-0.0277166980429584,0.032219114281629,0.0282115411488904,0.6088888888888889,0.3911111111111111,450,power_power_N200_T50_rho0.2_xsd0,200,50,0.2,0.0,power
CDOLS,7,-0.0286809120903145,0.0324407020843865,0.0292160088325187,0.58,0.42,450,power_power_N200_T50_rho0.2_xsd0,200,50,0.2,0.0,power
CDOLS,8,-0.0265640635814988,0.0312050133745573,0.0271061878123255,0.6644444444444444,0.3355555555555555,450,power_power_N200_T50_rho0.2_xsd0,200,50,0.2,0.0,power
CDOLS,9,-0.026344607064136,0.0312150696270409,0.0268723348907039,0.6222222222222222,0.3777777777777777,450,power_power_N200_T50_rho0.2_xsd0,200,50,0.2,0.0,power
CDOLS,10,-0.0269514846212624,0.0316538569509979,0.0275976927956937,0.66,0.34,450,power_power_N200_T50_rho0.2_xsd0,200,50,0.2,0.0,power
DB,0,0.0002266738385783,0.0101515451028798,0.0081734628430303,0.9488888888888888,1.0,450,power_power_N200_T50_rho0.2_xsd0,200,50,0.2,0.0,power
DB,1,0.0011375904699539,0.011952518688602,0.0093469629426016,0.9355555555555556,1.0,450,power_power_N200_T50_rho0.2_xsd0,200,50,0.2,0.0,power
DB,2,0.0015685535136113,0.011884234287933,0.0093874811514061,0.9511111111111112,0.4933333333333333,450,power_power_N200_T50_rho0.2_xsd0,200,50,0.2,0.0,power
DB,3,0.0023715797579407,0.0121124173831742,0.009800372073982,0.9511111111111112,0.0711111111111111,450,power_power_N200_T50_rho0.2_xsd0,200,50,0.2,0.0,power
DB,4,0.0016510698446811,0.0123264696860089,0.0096049311665212,0.9311111111111112,0.0622222222222222,450,power_power_N200_T50_rho0.2_xsd0,200,50,0.2,0.0,power
DB,5,0.0018454368177512,0.0131741128594073,0.0104426544579162,0.9266666666666666,0.0733333333333333,450,power_power_N200_T50_rho0.2_xsd0,200,50,0.2,0.0,power
DB,6,0.000733058474802,0.0120288268956659,0.0096143041369461,0.9533333333333334,0.0466666666666666,450,power_power_N200_T50_rho0.2_xsd0,200,50,0.2,0.0,power
DB,7,0.0004822313102691,0.012922179585794,0.0102930117223344,0.9444444444444444,0.0555555555555555,450,power_power_N200_T50_rho0.2_xsd0,200,50,0.2,0.0,power
DB,8,0.0024809120463703,0.0136553495334701,0.0110511525740445,0.9311111111111112,0.0688888888888888,450,power_power_N200_T50_rho0.2_xsd0,200,50,0.2,0.0,power
DB,9,0.0024787697221802,0.0133424493731924,0.0107350735041767,0.9311111111111112,0.0688888888888888,450,power_power_N200_T50_rho0.2_xsd0,200,50,0.2,0.0,power
DB,10,0.0018554400983301,0.0131214230638729,0.0104478023232455,0.9377777777777778,0.0622222222222222,450,power_power_N200_T50_rho0.2_xsd0,200,50,0.2,0.0,power
FE,0,0.0002266738385783,0.0101515451028798,0.0081734628430303,0.9488888888888888,1.0,450,power_power_N200_T50_rho0.2_xsd0,200,50,0.2,0.0,power
FE,1,0.0151669060402904,0.0192262480814966,0.0164610807297584,0.7422222222222222,1.0,450,power_power_N200_T50_rho0.2_xsd0,200,50,0.2,0.0,power
FE,2,0.0180907329071417,0.0215744599275184,0.0186066413062571,0.6777777777777778,0.0755555555555555,450,power_power_N200_T50_rho0.2_xsd0,200,50,0.2,0.0,power
FE,3,0.0193061983761874,0.0226817287118291,0.0198428285941365,0.6244444444444445,0.2533333333333333,450,power_power_N200_T50_rho0.2_xsd0,200,50,0.2,0.0,power
FE,4,0.0186077133007488,0.0222742984380551,0.0193813774096961,0.6688888888888889,0.3111111111111111,450,power_power_N200_T50_rho0.2_xsd0,200,50,0.2,0.0,power
FE,5,0.0187350459985607,0.0228387517300731,0.0196016232013511,0.6644444444444444,0.3333333333333333,450,power_power_N200_T50_rho0.2_xsd0,200,50,0.2,0.0,power
FE,6,0.0175184682459638,0.0212620965649569,0.0182208266364256,0.7266666666666667,0.2733333333333333,450,power_power_N200_T50_rho0.2_xsd0,200,50,0.2,0.0,power
FE,7,0.0171329111473634,0.0214528699207129,0.018176988387851,0.7244444444444444,0.2755555555555555,450,power_power_N200_T50_rho0.2_xsd0,200,50,0.2,0.0,power
FE,8,0.0189643977502326,0.0232285905074238,0.0200792473444326,0.6488888888888888,0.3511111111111111,450,power_power_N200_T50_rho0.2_xsd0,200,50,0.2,0.0,power
FE,9,0.0187586579318254,0.0228773539627594,0.0195508094983926,0.6733333333333333,0.3266666666666666,450,power_power_N200_T50_rho0.2_xsd0,200,50,0.2,0.0,power
FE,10,0.017890497041648,0.0220850270934153,0.0191204747235303,0.7155555555555555,0.2844444444444444,450,power_power_N200_T50_rho0.2_xsd0,200,50,0.2,0.0,power
HPJ,0,0.0023319817273878,0.0254460947532492,0.0204552543713513,0.5644444444444444,1.0,450,power_power_N200_T50_rho0.2_xsd0,200,50,0.2,0.0,power
HPJ,1,0.0164189124877816,0.035963329586933,0.0289490054367924,0.4533333333333333,0.9955555555555556,450,power_power_N200_T50_rho0.2_xsd0,200,50,0.2,0.0,power
HPJ,2,0.0189188627213753,0.0358056912292462,0.0293824985482878,0.4333333333333333,0.4577777777777778,450,power_power_N200_T50_rho0.2_xsd0,200,50,0.2,0.0,power
HPJ,3,0.0194409731581998,0.0382830056810528,0.0306795314233747,0.4466666666666666,0.5022222222222222,450,power_power_N200_T50_rho0.2_xsd0,200,50,0.2,0.0,power
HPJ,4,0.0186378096246999,0.0387356802784369,0.0316017428047885,0.4422222222222222,0.5466666666666666,450,power_power_N200_T50_rho0.2_xsd0,200,50,0.2,0.0,power
HPJ,5,0.0168117223895573,0.0382909969195965,0.030533486144655,0.4644444444444444,0.5311111111111111,450,power_power_N200_T50_rho0.2_xsd0,200,50,0.2,0.0,power
HPJ,6,0.0175626622779912,0.0378319082491691,0.0303800257795478,0.4666666666666667,0.5333333333333333,450,power_power_N200_T50_rho0.2_xsd0,200,50,0.2,0.0,power
HPJ,7,0.0188055250679679,0.041253832521113,0.0329853901036438,0.4422222222222222,0.5577777777777778,450,power_power_N200_T50_rho0.2_xsd0,200,50,0.2,0.0,power
HPJ,8,0.020668352470987,0.0413771151084379,0.0335384975031592,0.4177777777777778,0.5822222222222222,450,power_power_N200_T50_rho0.2_xsd0,200,50,0.2,0.0,power
HPJ,9,0.0187030435340848,0.0408568279500144,0.032323643547294,0.4644444444444444,0.5355555555555556,450,power_power_N200_T50_rho0.2_xsd0,200,50,0.2,0.0,power
HPJ,10,0.0186250531712878,0.0407315063938521,0.0326890765232731,0.4533333333333333,0.5466666666666666,450,power_power_N200_T50_rho0.2_xsd0,200,50,0.2,0.0,power
SPJ,0,0.0001471014909058,0.0101509504806381,0.008206847858657,0.96,1.0,450,power_power_N200_T50_rho0.2_xsd0,200,50,0.2,0.0,power
SPJ,1,0.0002793426827072,0.0120762245582425,0.0094585798083088,0.9422222222222222,1.0,450,power_power_N200_T50_rho0.2_xsd0,200,50,0.2,0.0,power
SPJ,2,0.0009697139079112,0.0124818362900846,0.0099470654941268,0.9533333333333334,0.48,450,power_power_N200_T50_rho0.2_xsd0,200,50,0.2,0.0,power
SPJ,3,0.0024876138225459,0.0127484132596097,0.0102425556354328,0.9288888888888888,0.0622222222222222,450,power_power_N200_T50_rho0.2_xsd0,200,50,0.2,0.0,power
SPJ,4,0.0027428652665264,0.0130339755648249,0.0101697030820218,0.9377777777777778,0.0688888888888888,450,power_power_N200_T50_rho0.2_xsd0,200,50,0.2,0.0,power
SPJ,5,0.0039906379737481,0.0140025733166653,0.0111289007393651,0.9222222222222224,0.0777777777777777,450,power_power_N200_T50_rho0.2_xsd0,200,50,0.2,0.0,power
SPJ,6,0.0041180638716311,0.013181247499806,0.010562354610858,0.9311111111111112,0.0688888888888888,450,power_power_N200_T50_rho0.2_xsd0,200,50,0.2,0.0,power
SPJ,7,0.005210121518768,0.0141713075679327,0.011122721973647,0.9266666666666666,0.0733333333333333,450,power_power_N200_T50_rho0.2_xsd0,200,50,0.2,0.0,power
SPJ,8,0.0085503492031307,0.0160807063596407,0.0131363519778505,0.9088888888888887,0.0911111111111111,450,power_power_N200_T50_rho0.2_xsd0,200,50,0.2,0.0,power
SPJ,9,0.0101387964067395,0.0169077782051037,0.0136515340006893,0.8733333333333333,0.1266666666666666,450,power_power_N200_T50_rho0.2_xsd0,200,50,0.2,0.0,power
SPJ,10,0.0112207362078895,0.0172713505103319,0.0143436333762116,0.8777777777777778,0.1222222222222222,450,power_power_N200_T50_rho0.2_xsd0,200,50,0.2,0.0,power
CDOLS,0,0.0031304426901618,0.0271705784200078,0.022127022112045,0.9488888888888888,1.0,450,power_power_N100_T100_rho0.95_xsd1,100,100,0.95,1.0,power
CDOLS,1,-0.0085410620740263,0.0348083286431831,0.0277371932855458,0.5177777777777778,1.0,450,power_power_N100_T100_rho0.95_xsd1,100,100,0.95,1.0,power
CDOLS,2,-0.0155229490162351,0.0464231716958266,0.0366682792870685,0.4422222222222222,1.0,450,power_power_N100_T100_rho0.95_xsd1,100,100,0.95,1.0,power
CDOLS,3,-0.023132062578235,0.0539398412656418,0.0409556767037891,0.4333333333333333,1.0,450,power_power_N100_T100_rho0.95_xsd1,100,100,0.95,1.0,power
CDOLS,4,-0.028436203528614,0.0606619237592622,0.0463639111205125,0.4177777777777778,1.0,450,power_power_N100_T100_rho0.95_xsd1,100,100,0.95,1.0,power
CDOLS,5,-0.0361765431755952,0.0704363547082285,0.055196801517482,0.3577777777777777,1.0,450,power_power_N100_T100_rho0.95_xsd1,100,100,0.95,1.0,power
CDOLS,6,-0.0407568190321732,0.0769202979565111,0.0599413705302129,0.3511111111111111,1.0,450,power_power_N100_T100_rho0.95_xsd1,100,100,0.95,1.0,power
CDOLS,7,-0.0478107444437322,0.081818415087026,0.0638487266034198,0.3111111111111111,1.0,450,power_power_N100_T100_rho0.95_xsd1,100,100,0.95,1.0,power
CDOLS,8,-0.049796541439356,0.0867014789722597,0.067161157478802,0.3288888888888889,1.0,450,power_power_N100_T100_rho0.95_xsd1,100,100,0.95,1.0,power
CDOLS,9,-0.0558978657774247,0.0889324323723982,0.0687333346387823,0.3422222222222222,1.0,450,power_power_N100_T100_rho0.95_xsd1,100,100,0.95,1.0,power
CDOLS,10,-0.0601344986096191,0.093893432903793,0.0722321702346982,0.3044444444444444,1.0,450,power_power_N100_T100_rho0.95_xsd1,100,100,0.95,1.0,power
DB,0,0.0001558741851556,0.0040094476422641,0.0032676117270358,0.8533333333333334,1.0,450,power_power_N100_T100_rho0.95_xsd1,100,100,0.95,1.0,power
DB,1,0.0055150977559112,0.0127118586999423,0.0104185147408487,0.8933333333333333,1.0,450,power_power_N100_T100_rho0.95_xsd1,100,100,0.95,1.0,power
DB,2,0.0114588778808659,0.0240347724977062,0.0197115778928532,0.7422222222222222,1.0,450,power_power_N100_T100_rho0.95_xsd1,100,100,0.95,1.0,power
DB,3,0.0172034566949576,0.0346144952100515,0.028181430706973,0.62,1.0,450,power_power_N100_T100_rho0.95_xsd1,100,100,0.95,1.0,power
DB,4,0.02293825927375,0.0446313721620989,0.0363389159399183,0.56,1.0,450,power_power_N100_T100_rho0.95_xsd1,100,100,0.95,1.0,power
DB,5,0.0282361949086942,0.0533612904017431,0.0436041473487819,0.5177777777777778,1.0,450,power_power_N100_T100_rho0.95_xsd1,100,100,0.95,1.0,power
DB,6,0.0335554137412042,0.0612145292594614,0.0503128992708094,0.4777777777777778,1.0,450,power_power_N100_T100_rho0.95_xsd1,100,100,0.95,1.0,power
DB,7,0.0384762980910956,0.0683855275525681,0.0563961573895814,0.4488888888888889,1.0,450,power_power_N100_T100_rho0.95_xsd1,100,100,0.95,1.0,power
DB,8,0.043539962799685,0.0750200770140683,0.0621518935433098,0.42,1.0,450,power_power_N100_T100_rho0.95_xsd1,100,100,0.95,1.0,power
DB,9,0.0479451533054674,0.0808459458674532,0.0672754484052421,0.3911111111111111,1.0,450,power_power_N100_T100_rho0.95_xsd1,100,100,0.95,1.0,power
DB,10,0.0523949331835507,0.0863933113308482,0.0724086987211191,0.3666666666666666,1.0,450,power_power_N100_T100_rho0.95_xsd1,100,100,0.95,1.0,power
FE,0,0.0001558741851556,0.0040094476422641,0.0032676117270358,0.8533333333333334,1.0,450,power_power_N100_T100_rho0.95_xsd1,100,100,0.95,1.0,power
FE,1,0.0156354374385399,0.0193863113237545,0.0165486692396841,0.6688888888888889,1.0,450,power_power_N100_T100_rho0.95_xsd1,100,100,0.95,1.0,power
FE,2,0.0309654955748924,0.0374251215662827,0.0323150493858086,0.4333333333333333,1.0,450,power_power_N100_T100_rho0.95_xsd1,100,100,0.95,1.0,power
FE,3,0.0454121712600878,0.0542715105128379,0.0470789370378058,0.3466666666666667,1.0,450,power_power_N100_T100_rho0.95_xsd1,100,100,0.95,1.0,power
FE,4,0.0592105193154861,0.0701826449671383,0.0611339256392573,0.2866666666666667,1.0,450,power_power_N100_T100_rho0.95_xsd1,100,100,0.95,1.0,power
FE,5,0.0719751594558098,0.0845256371798712,0.0741098702026312,0.2422222222222222,1.0,450,power_power_N100_T100_rho0.95_xsd1,100,100,0.95,1.0,power
FE,6,0.0842023342235811,0.097862679841659,0.0864192854624212,0.2177777777777777,1.0,450,power_power_N100_T100_rho0.95_xsd1,100,100,0.95,1.0,power
FE,7,0.0955071740032075,0.1101264026234512,0.0977298879592248,0.1866666666666666,1.0,450,power_power_N100_T100_rho0.95_xsd1,100,100,0.95,1.0,power
FE,8,0.1064624457357738,0.1217230639452845,0.1087186419250215,0.1533333333333333,1.0,450,power_power_N100_T100_rho0.95_xsd1,100,100,0.95,1.0,power
FE,9,0.1162956761281088,0.1321035844966846,0.11858225719749,0.1355555555555555,1.0,450,power_power_N100_T100_rho0.95_xsd1,100,100,0.95,1.0,power
FE,10,0.1257360429572671,0.1419558423351165,0.1280259396060063,0.1244444444444444,1.0,450,power_power_N100_T100_rho0.95_xsd1,100,100,0.95,1.0,power
HPJ,0,-6.046507517815966e-06,0.0113551883921127,0.0089308988881673,0.4177777777777778,1.0,450,power_power_N100_T100_rho0.95_xsd1,100,100,0.95,1.0,power
HPJ,1,0.0157396927793425,0.0218800188384745,0.0180240714576823,0.6444444444444445,1.0,450,power_power_N100_T100_rho0.95_xsd1,100,100,0.95,1.0,power
HPJ,2,0.0309595613973438,0.0400447855304572,0.0336162340637292,0.4555555555555555,1.0,450,power_power_N100_T100_rho0.95_xsd1,100,100,0.95,1.0,power
HPJ,3,0.0454615999017736,0.0574917955329095,0.0486820691784223,0.3533333333333333,1.0,450,power_power_N100_T100_rho0.95_xsd1,100,100,0.95,1.0,power
HPJ,4,0.0590331311113381,0.0740406239237948,0.0629061091976927,0.2755555555555555,1.0,450,power_power_N100_T100_rho0.95_xsd1,100,100,0.95,1.0,power
HPJ,5,0.0719641628991784,0.0893894744405578,0.0761449009681151,0.2511111111111111,1.0,450,power_power_N100_T100_rho0.95_xsd1,100,100,0.95,1.0,power
HPJ,6,0.0842940484609148,0.103638337035114,0.0886101361579484,0.2222222222222222,1.0,450,power_power_N100_T100_rho0.95_xsd1,100,100,0.95,1.0,power
HPJ,7,0.0956572634596281,0.1167348051827855,0.1002192860965222,0.2044444444444444,1.0,450,power_power_N100_T100_rho0.95_xsd1,100,100,0.95,1.0,power
HPJ,8,0.1065949942280382,0.1285587630934943,0.1111328659629381,0.1733333333333333,0.9977777777777778,450,power_power_N100_T100_rho0.95_xsd1,100,100,0.95,1.0,power
HPJ,9,0.1167462123498855,0.1394730863349841,0.1212883476181303,0.1577777777777777,0.9955555555555556,450,power_power_N100_T100_rho0.95_xsd1,100,100,0.95,1.0,power
HPJ,10,0.1264205341190483,0.1495103468794049,0.13081285304567,0.1377777777777777,0.9955555555555556,450,power_power_N100_T100_rho0.95_xsd1,100,100,0.95,1.0,power
SPJ,0,6.612074010309129e-05,0.0042600769593609,0.0034113083636669,0.9311111111111112,1.0,450,power_power_N100_T100_rho0.95_xsd1,100,100,0.95,1.0,power
SPJ,1,-0.0020838299835165,0.0159970064778456,0.0122200252309954,0.9488888888888888,1.0,450,power_power_N100_T100_rho0.95_xsd1,100,100,0.95,1.0,power
SPJ,2,-0.0029165995936972,0.0298020179780285,0.0230883653180284,0.8088888888888889,1.0,450,power_power_N100_T100_rho0.95_xsd1,100,100,0.95,1.0,power
SPJ,3,-0.0028591835680197,0.042310036291094,0.0331693830326322,0.7155555555555555,1.0,450,power_power_N100_T100_rho0.95_xsd1,100,100,0.95,1.0,power
SPJ,4,-0.0021086012053241,0.0541382499272159,0.0427585313256764,0.64,1.0,450,power_power_N100_T100_rho0.95_xsd1,100,100,0.95,1.0,power
SPJ,5,-0.0005440836033201,0.0641853201694208,0.0512100229000576,0.5733333333333334,1.0,450,power_power_N100_T100_rho0.95_xsd1,100,100,0.95,1.0,power
SPJ,6,0.001518200508135,0.0735437913380946,0.0590492094471025,0.5222222222222223,1.0,450,power_power_N100_T100_rho0.95_xsd1,100,100,0.95,1.0,power
SPJ,7,0.0043030390764553,0.0820456928037728,0.0661226960433195,0.4777777777777778,1.0,450,power_power_N100_T100_rho0.95_xsd1,100,100,0.95,1.0,power
SPJ,8,0.0075944719814116,0.0897763220939574,0.0729494079743593,0.4355555555555555,1.0,450,power_power_N100_T100_rho0.95_xsd1,100,100,0.95,1.0,power
SPJ,9,0.0115133593629601,0.0968976856665149,0.0794970761821935,0.3955555555555555,1.0,450,power_power_N100_T100_rho0.95_xsd1,100,100,0.95,1.0,power
SPJ,10,0.0161818143203887,0.1034923101085578,0.0856706486000161,0.3666666666666666,1.0,450,power_power_N100_T100_rho0.95_xsd1,100,100,0.95,1.0,power
CDOLS,0,0.0031304426901617,0.0271705784200079,0.0221270221120451,0.9488888888888888,0.0511111111111111,450,power_null_N100_T100_rho0.95_xsd1,100,100,0.95,1.0,null
CDOLS,1,0.0001561205628745,0.0110628594714474,0.0089501015496474,0.9311111111111112,0.0688888888888888,450,power_null_N100_T100_rho0.95_xsd1,100,100,0.95,1.0,null
CDOLS,2,0.0009919269052812,0.0114053039994897,0.0090224236168079,0.94,0.06,450,power_null_N100_T100_rho0.95_xsd1,100,100,0.95,1.0,null
CDOLS,3,0.0009304922777619,0.0111703569999777,0.0090568828721827,0.9444444444444444,0.0555555555555555,450,power_null_N100_T100_rho0.95_xsd1,100,100,0.95,1.0,null
CDOLS,4,0.0010724453749725,0.0107489130214142,0.0085577121401378,0.9466666666666668,0.0533333333333333,450,power_null_N100_T100_rho0.95_xsd1,100,100,0.95,1.0,null
CDOLS,5,-0.0003409795730159,0.0117561015175557,0.009504793897274,0.94,0.06,450,power_null_N100_T100_rho0.95_xsd1,100,100,0.95,1.0,null
CDOLS,6,-0.0010096497209017,0.0112070608930779,0.0091684571561469,0.9533333333333334,0.0466666666666666,450,power_null_N100_T100_rho0.95_xsd1,100,100,0.95,1.0,null
CDOLS,7,9.38477455930996e-05,0.0118711050146518,0.0093248998860189,0.9466666666666668,0.0533333333333333,450,power_null_N100_T100_rho0.95_xsd1,100,100,0.95,1.0,null
CDOLS,8,0.0005491506297771,0.0117092169794002,0.0092776854726477,0.9355555555555556,0.0644444444444444,450,power_null_N100_T100_rho0.95_xsd1,100,100,0.95,1.0,null
CDOLS,9,6.12001827615323e-05,0.0116366574502258,0.0093391100352311,0.9377777777777778,0.0622222222222222,450,power_null_N100_T100_rho0.95_xsd1,100,100,0.95,1.0,null
CDOLS,10,0.0002947050449113,0.011997139806204,0.0094749311522504,0.9377777777777778,0.0622222222222222,450,power_null_N100_T100_rho0.95_xsd1,100,100,0.95,1.0,null
DB,0,0.0001558741851556,0.0040094476422641,0.0032676117270358,0.8533333333333334,0.1466666666666666,450,power_null_N100_T100_rho0.95_xsd1,100,100,0.95,1.0,null
DB,1,-0.0003307108526568,0.0032184153798485,0.0025820290612906,0.9311111111111112,0.0688888888888888,450,power_null_N100_T100_rho0.95_xsd1,100,100,0.95,1.0,null
DB,2,-0.0002837898800543,0.003181913926848,0.0025951448176527,0.94,0.06,450,power_null_N100_T100_rho0.95_xsd1,100,100,0.95,1.0,null
DB,3,-0.0003366376367945,0.0032587113776733,0.0026525326004637,0.9422222222222222,0.0577777777777777,450,power_null_N100_T100_rho0.95_xsd1,100,100,0.95,1.0,null
DB,4,-0.0004342939746475,0.0033600380183051,0.0026835928684705,0.9355555555555556,0.0644444444444444,450,power_null_N100_T100_rho0.95_xsd1,100,100,0.95,1.0,null
DB,5,-0.0005493935200038,0.0034607058512653,0.0028049861376638,0.9288888888888888,0.0711111111111111,450,power_null_N100_T100_rho0.95_xsd1,100,100,0.95,1.0,null
DB,6,-0.000419252688991,0.0034290858734685,0.0027180214241764,0.9355555555555556,0.0644444444444444,450,power_null_N100_T100_rho0.95_xsd1,100,100,0.95,1.0,null
DB,7,-0.0002011918409026,0.0034576979369313,0.002753806562283,0.9222222222222224,0.0777777777777777,450,power_null_N100_T100_rho0.95_xsd1,100,100,0.95,1.0,null
DB,8,-0.0001813635226548,0.0035060278921415,0.0027611607973659,0.9133333333333332,0.0866666666666666,450,power_null_N100_T100_rho0.95_xsd1,100,100,0.95,1.0,null
DB,9,-0.000179254412968,0.0034518510998335,0.0027277430586284,0.9266666666666666,0.0733333333333333,450,power_null_N100_T100_rho0.95_xsd1,100,100,0.95,1.0,null
DB,10,-0.0001461421606068,0.0035143876257189,0.0027422175389133,0.9333333333333332,0.0666666666666666,450,power_null_N100_T100_rho0.95_xsd1,100,100,0.95,1.0,null
FE,0,0.0001558741851556,0.0040094476422641,0.0032676117270358,0.8533333333333334,0.1466666666666666,450,power_null_N100_T100_rho0.95_xsd1,100,100,0.95,1.0,null
FE,1,-0.0003333177296931,0.0031898187271966,0.0025586972267106,0.9355555555555556,0.0644444444444444,450,power_null_N100_T100_rho0.95_xsd1,100,100,0.95,1.0,null
FE,2,-0.0002887501705681,0.0031298848277275,0.0025506983611907,0.9444444444444444,0.0555555555555555,450,power_null_N100_T100_rho0.95_xsd1,100,100,0.95,1.0,null
FE,3,-0.0003437190279776,0.003187174289139,0.002593422420822,0.9466666666666668,0.0533333333333333,450,power_null_N100_T100_rho0.95_xsd1,100,100,0.95,1.0,null
FE,4,-0.0004432835655805,0.0032859654807588,0.0026180228585321,0.9333333333333332,0.0666666666666666,450,power_null_N100_T100_rho0.95_xsd1,100,100,0.95,1.0,null
FE,5,-0.0005600962254783,0.0033622560411356,0.0027173724553043,0.9311111111111112,0.0688888888888888,450,power_null_N100_T100_rho0.95_xsd1,100,100,0.95,1.0,null
FE,6,-0.0004314897740413,0.0033293875605271,0.0026326101654541,0.94,0.06,450,power_null_N100_T100_rho0.95_xsd1,100,100,0.95,1.0,null
FE,7,-0.0002147995750833,0.0033559021399105,0.0026683500845768,0.9311111111111112,0.0688888888888888,450,power_null_N100_T100_rho0.95_xsd1,100,100,0.95,1.0,null
FE,8,-0.0001961919440255,0.0034003711725535,0.0027030807437302,0.9244444444444444,0.0755555555555555,450,power_null_N100_T100_rho0.95_xsd1,100,100,0.95,1.0,null
FE,9,-0.0001951661925911,0.003341001585287,0.0026614097516138,0.9422222222222222,0.0577777777777777,450,power_null_N100_T100_rho0.95_xsd1,100,100,0.95,1.0,null
FE,10,-0.0001630115591382,0.0033880276347415,0.0026610538106055,0.9444444444444444,0.0555555555555555,450,power_null_N100_T100_rho0.95_xsd1,100,100,0.95,1.0,null
HPJ,0,-6.046507517795365e-06,0.0113551883921127,0.0089308988881674,0.4177777777777778,0.5822222222222222,450,power_null_N100_T100_rho0.95_xsd1,100,100,0.95,1.0,null
HPJ,1,-6.294550416583445e-05,0.0083693722501103,0.0064807161169968,0.5511111111111111,0.4488888888888889,450,power_null_N100_T100_rho0.95_xsd1,100,100,0.95,1.0,null
HPJ,2,-0.0001595818616811,0.0084361728091387,0.0065199520924331,0.5444444444444444,0.4555555555555555,450,power_null_N100_T100_rho0.95_xsd1,100,100,0.95,1.0,null
HPJ,3,-0.0001072102568593,0.0087002999057209,0.0066904622360384,0.5444444444444444,0.4555555555555555,450,power_null_N100_T100_rho0.95_xsd1,100,100,0.95,1.0,null
HPJ,4,-0.0003833344790083,0.0087364280184662,0.0067191439128315,0.5444444444444444,0.4555555555555555,450,power_null_N100_T100_rho0.95_xsd1,100,100,0.95,1.0,null
HPJ,5,-0.0004342777897961,0.0086762015240575,0.0066906026256288,0.5533333333333333,0.4466666666666666,450,power_null_N100_T100_rho0.95_xsd1,100,100,0.95,1.0,null
HPJ,6,-0.0003625849479025,0.0087967505519004,0.0069268689889423,0.5222222222222223,0.4777777777777778,450,power_null_N100_T100_rho0.95_xsd1,100,100,0.95,1.0,null
HPJ,7,-0.0004173180811384,0.0089646771339688,0.0070334091596813,0.5288888888888889,0.4711111111111111,450,power_null_N100_T100_rho0.95_xsd1,100,100,0.95,1.0,null
HPJ,8,-0.000523148603092,0.0089046689623817,0.0069928574854773,0.5266666666666666,0.4733333333333333,450,power_null_N100_T100_rho0.95_xsd1,100,100,0.95,1.0,null
HPJ,9,-0.0001283683815155,0.0090970409835211,0.0070997343606653,0.5466666666666666,0.4533333333333333,450,power_null_N100_T100_rho0.95_xsd1,100,100,0.95,1.0,null
HPJ,10,2.1564010961684043e-05,0.0089884694250019,0.0070423015892002,0.5466666666666666,0.4533333333333333,450,power_null_N100_T100_rho0.95_xsd1,100,100,0.95,1.0,null
SPJ,0,6.612074010309819e-05,0.0042600769593609,0.0034113083636669,0.9311111111111112,0.0688888888888888,450,power_null_N100_T100_rho0.95_xsd1,100,100,0.95,1.0,null
SPJ,1,-0.0002702598194895,0.0038652708640409,0.0030998961772248,0.9533333333333334,0.0466666666666666,450,power_null_N100_T100_rho0.95_xsd1,100,100,0.95,1.0,null
SPJ,2,-0.0002399909164321,0.0038723508461644,0.0031324552641553,0.96,0.04,450,power_null_N100_T100_rho0.95_xsd1,100,100,0.95,1.0,null
SPJ,3,-0.0002450171275375,0.0039310000799181,0.0031957327704441,0.9533333333333334,0.0466666666666666,450,power_null_N100_T100_rho0.95_xsd1,100,100,0.95,1.0,null
SPJ,4,-0.000318203848843,0.0039970377977412,0.0032597723848864,0.9577777777777776,0.0422222222222222,450,power_null_N100_T100_rho0.95_xsd1,100,100,0.95,1.0,null
SPJ,5,-0.0003600861854784,0.0040593548536981,0.0032652265734161,0.96,0.04,450,power_null_N100_T100_rho0.95_xsd1,100,100,0.95,1.0,null
SPJ,6,-0.0003035015473916,0.0040404381198488,0.0032226916416462,0.9555555555555556,0.0444444444444444,450,power_null_N100_T100_rho0.95_xsd1,100,100,0.95,1.0,null
SPJ,7,-0.0001710413926858,0.0040957383419596,0.0032588168823011,0.9577777777777776,0.0422222222222222,450,power_null_N100_T100_rho0.95_xsd1,100,100,0.95,1.0,null
SPJ,8,-0.0001879953452034,0.0041544325710178,0.0033419344824757,0.9644444444444444,0.0355555555555555,450,power_null_N100_T100_rho0.95_xsd1,100,100,0.95,1.0,null
SPJ,9,-0.0001552191725288,0.0041973301858259,0.0033436953966862,0.9688888888888888,0.0311111111111111,450,power_null_N100_T100_rho0.95_xsd1,100,100,0.95,1.0,null
SPJ,10,-0.0001113610988412,0.0042714505438343,0.0033773889882169,0.9711111111111111,0.0288888888888888,450,power_null_N100_T100_rho0.95_xsd1,100,100,0.95,1.0,null
